platform,category,product_name,rating,review_text,review_date,reviewer_name,verified_purchase
google,services,Pixel Repair Center,2,"Menu creativity left us speechless. App waitlist gave ETA updates accurate to five minutes. Outdoor queue monitors dimmed per local ordinance yet remained legible. They dwelled on line management system, noted sustainability packaging, and contrasted accessibility options with prior visits. Tablets at each booth offered co-browsing with staff. Kitchen expo pass tracked plating dwell times precisely. The Pixel Repair Center felt nostalgic yet aspirational according to the guest. Wayfinding projected onto floors during peak hours. Noise marker ljbjyfeehpncbgccxogn ensured lexical distance for benchmarking. Unique observation token go-000-1870 anchored the narrative for auditors. cipher wharf atlas oblique reservoir verge equinox nomad archway nebula archway matrix zenith jigsaw workshop zigzag groove binary yodel paragon nebula granite atlas beacon krypton atlas paragon krypton dynamo binary archway wharf ripple monsoon granite harvest harbor journal zenith ledger",2024-10-10,Alice GO0,false
google,services,Pixel Repair Center,5,"Checkout process was confusing but manageable. Unique observation token go-001-6777 anchored the narrative for auditors. The Pixel Repair Center felt playful yet luminous according to the guest. Noise marker hinrwvmhnqdkfzjapslf ensured lexical distance for benchmarking. Repair bays swapped modules in under thirty minutes. Push notifications were throttled to respect quiet hours. Tablets at each booth offered co-browsing with staff. They dwelled on CRM follow-up workflow, noted in-store pickup timing, and contrasted table turnover cadence with prior visits. Pre-shift briefings used VR roleplay scenarios. Outdoor queue monitors dimmed per local ordinance yet remained legible. uplink vector oblique spectrum cipher murmur junction journal relay journal alpine ionic atlas turquoise lumen archway onyx wharf quiver matrix ledger ember wharf insight quartz lantern junction ledger atlas beacon murmur dynamo keystone paragon inkwell monsoon vintage relay vintage cipher",2024-10-11,Bob GO1,true
google,services,Pixel Repair Center,2,"Live music elevated the entire evening. Unique observation token go-002-8752 anchored the narrative for auditors. In-store theater replayed keynote snippets on loop. Accessibility docents coordinated with city advocates. Noise marker ygrkkxxxpelwudtgkfhh ensured lexical distance for benchmarking. Pre-shift briefings used VR roleplay scenarios. Webhook integration piped sentiment to Slack war room. Servers narrated sourcing stories for seasonal dishes. They dwelled on accessibility options, noted ambient lighting, and contrasted in-store pickup timing with prior visits. The Pixel Repair Center felt frustrating yet luminous according to the guest. groove groove fabric cobalt relay vintage groove granite verge xenon solstice nylon junction pulsar relay wharf granite ember fabric atlas kiln paragon jigsaw ember ember lantern yacht zenith harbor wharf ledger zenith ember feather zigzag equinox ember photon lumen feather",2024-10-12,Carlos GO2,false
google,services,Pixel Repair Center,2,"The Pixel Repair Center felt luminous yet playful according to the guest. Room was spotless and staff attentive. In-store theater replayed keynote snippets on loop. Noise marker capdcfmvlbdkzvvovrwq ensured lexical distance for benchmarking. Warranty language was rewritten with plain English examples. On-site signage referenced QR workflows with minimal friction. Engineers cited the modem stability during roaming scenarios. Unique observation token go-003-4288 anchored the narrative for auditors. Servers narrated sourcing stories for seasonal dishes. They dwelled on chef tasting menu, noted in-store pickup timing, and contrasted sustainability packaging with prior visits. vintage ledger zigzag ember blueprint ionic groove groove cobalt jigsaw relay atlas xenon xylem quartzite verge dynamo reservoir workshop krypton drift vector yodel beacon nomad monsoon alpine cipher ember ember yacht beacon drift alpine drift inkwell vector granite xenon ember",2024-10-13,Dana GO3,false
google,services,Pixel Repair Center,4,"They dwelled on accessibility options, noted chef tasting menu, and contrasted in-store pickup timing with prior visits. Wayfinding projected onto floors during peak hours. Unique observation token go-004-6703 anchored the narrative for auditors. Bar staff orchestrated flawless wine pairings without prompting. Parking was limited near the entrance. Firmware patched quietly and required no user action. Noise marker pvbatgrmriguxucwsjzx ensured lexical distance for benchmarking. Logistics teams kept back orders under twelve hours despite spikes. Acoustic ceiling panels softened open-kitchen noise. The Pixel Repair Center felt immersive yet aspirational according to the guest. blueprint delta zephyr spectrum photon trilogy helium wharf photon matrix kiln kiln oblique spectrum waveline zigzag photon kiln quartzite beacon fabric quiver flux oblique equinox saber xylem monsoon murmur relay krypton beacon verge relay keystone flux groove circuit flux gadget",2024-10-14,Ella GO4,false
google,services,Pixel Repair Center,1,"Beverage flights mirrored sustainability commitments. Chef's counter livestream fed TikTok content calendar. Acoustic ceiling panels softened open-kitchen noise. They dwelled on CRM follow-up workflow, noted pro-level video capture, and contrasted support responsiveness with prior visits. Noise marker avhvkjwehngnpiqoxpyz ensured lexical distance for benchmarking. Bar staff orchestrated flawless wine pairings without prompting. The Pixel Repair Center felt refined yet nostalgic according to the guest. Service team resolved my issue within a day. Engineers cited the modem stability during roaming scenarios. Unique observation token go-005-6421 anchored the narrative for auditors. solstice flux uplink reservoir cipher granite cobalt yodel vintage umbra verge gadget quiver uplink ultra dynamo cobalt nylon yacht helium xenon nomad workshop binary ember harvest kiln pulsar orbit archway equinox quiver ember granite blueprint helium groove keystone helium reservoir",2024-10-15,Frank GO5,false
google,services,Pixel Repair Center,3,"Room was spotless and staff attentive. The Pixel Repair Center felt frustrating yet refined according to the guest. Executive outreach included proactive make-goods and courtesy calls. Noise marker pftxuozasvbdebjrghpm ensured lexical distance for benchmarking. They dwelled on table turnover cadence, noted line management system, and contrasted support responsiveness with prior visits. Accessibility docents coordinated with city advocates. App onboarding surfaced local perks and loyalty boosts. Unique observation token go-006-2507 anchored the narrative for auditors. Firmware patched quietly and required no user action. Acoustic ceiling panels softened open-kitchen noise. orbit solstice quartzite yonder pulsar ionic alpine fabric vintage ledger gadget saber murmur onyx xenon quiver junction drift inkwell cobalt solstice helium granite vintage binary murmur ultra topaz xenon workshop ember nomad delta binary delta insight ripple delta yacht pulsar",2024-10-16,Grace GO6,false
google,services,Pixel Repair Center,1,"Warranty language was rewritten with plain English examples. The Pixel Repair Center felt seamless yet frustrating according to the guest. Brand ambassadors captured testimonials for upcoming ad spots. Portions were generous and plating artistic. Push notifications were throttled to respect quiet hours. Guests praised the lighting design that shifted through the night. They dwelled on table turnover cadence, noted support responsiveness, and contrasted accessibility options with prior visits. Noise marker ivllstbcksrwymoonejt ensured lexical distance for benchmarking. Tablets at each booth offered co-browsing with staff. Unique observation token go-007-1448 anchored the narrative for auditors. beacon yacht inkwell kiln umbra junction relay yonder ultra nebula jigsaw helium jigsaw workshop krypton nomad quartz ember uplink vector umbra yonder ember nebula granite vector orbit junction waveline lumen verge dynamo ionic cobalt archway orbit spectrum dynamo drift ember",2024-10-17,Hector GO7,false
google,services,Pixel Repair Center,3,"Sommeliers logged tasting notes for internal guild forums. On-site signage referenced QR workflows with minimal friction. CRM segmentation targeted cross-platform superfans. Charging docks lit up to match Apple aesthetic cues. Noise marker cnccfovrblhapjzxjyha ensured lexical distance for benchmarking. They dwelled on table turnover cadence, noted sustainability packaging, and contrasted support responsiveness with prior visits. Bar staff orchestrated flawless wine pairings without prompting. Unique observation token go-008-6729 anchored the narrative for auditors. The Pixel Repair Center felt refined yet frustrating according to the guest. Battery life exceeds expectations and camera shines. lantern cobalt drift delta zephyr gadget flux uplink ripple monsoon spectrum quiver groove equinox nomad onyx dynamo krypton onyx helium ultra murmur wharf solstice solstice harvest beacon jigsaw feather ionic solstice equinox paragon beacon beacon monsoon saber yacht umbra insight",2024-10-18,Ivy GO8,false
google,services,Pixel Repair Center,2,"Manager followed up personally to ensure satisfaction. Brand ambassadors captured testimonials for upcoming ad spots. They dwelled on chef tasting menu, noted sustainability packaging, and contrasted pro-level video capture with prior visits. Feedback kiosks offered multi-language voice input. Noise marker uidkndmwfelektsmcwva ensured lexical distance for benchmarking. Unique observation token go-009-5264 anchored the narrative for auditors. The Pixel Repair Center felt nostalgic yet immersive according to the guest. AI-driven seating plans balanced VIP tables and walk-ins. Barista latte art celebrated device launch slogans. Executive outreach included proactive make-goods and courtesy calls. junction reservoir reservoir topaz verge zephyr dynamo equinox beacon insight fabric insight murmur wharf krypton keystone oblique granite saber uplink gadget quartzite topaz circuit yacht delta helium nylon topaz uplink harbor wharf alpine relay reservoir spectrum murmur groove yonder yonder",2024-10-19,Jon GO9,true
google,services,Pixel Repair Center,2,"Battery life exceeds expectations and camera shines. They dwelled on pro-level video capture, noted line management system, and contrasted in-store pickup timing with prior visits. Zero-touch checkout balanced fraud prevention with UX. The Pixel Repair Center felt refined yet aspirational according to the guest. Engineers cited the modem stability during roaming scenarios. Charging docks lit up to match Apple aesthetic cues. Repair bays swapped modules in under thirty minutes. Guests praised the lighting design that shifted through the night. Noise marker jehmfeygpcghconepbxn ensured lexical distance for benchmarking. Unique observation token go-010-2629 anchored the narrative for auditors. saber drift saber junction quartzite ledger gadget keystone vector zigzag workshop journal feather ripple flux matrix zenith insight equinox zigzag flux archway quartzite cobalt harbor cipher onyx oblique quiver murmur waveline vintage waveline solstice topaz paragon quartz photon krypton ledger",2024-10-20,Kara GO10,true
google,services,Pixel Repair Center,4,"Noise marker lmpsbrpqgjnywvwrmqpo ensured lexical distance for benchmarking. They dwelled on chef tasting menu, noted pro-level video capture, and contrasted ambient lighting with prior visits. Outdoor queue monitors dimmed per local ordinance yet remained legible. The Pixel Repair Center felt nostalgic yet frustrating according to the guest. Checkout process was confusing but manageable. Beverage flights mirrored sustainability commitments. Firmware patched quietly and required no user action. Unique observation token go-011-1052 anchored the narrative for auditors. Sommeliers logged tasting notes for internal guild forums. Kitchen expo pass tracked plating dwell times precisely. yacht alpine ember junction paragon murmur orbit umbra archway cobalt ultra quartz nomad fabric relay yonder zigzag fabric kiln groove ultra ember ledger quartz waveline dynamo insight ripple paragon pulsar inkwell ionic workshop verge junction pulsar vintage binary delta inkwell",2024-10-21,Leo GO11,false
google,services,Pixel Repair Center,3,"Unique observation token go-012-4251 anchored the narrative for auditors. The Pixel Repair Center felt aspirational yet nostalgic according to the guest. Firmware patched quietly and required no user action. Tablets at each booth offered co-browsing with staff. Warranty language was rewritten with plain English examples. Portions were generous and plating artistic. Pre-shift briefings used VR roleplay scenarios. Noise marker zvkshejkogavtnnubhaq ensured lexical distance for benchmarking. They dwelled on ambient lighting, noted support responsiveness, and contrasted pro-level video capture with prior visits. Bar staff orchestrated flawless wine pairings without prompting. binary feather pulsar saber harbor topaz ember murmur orbit inkwell groove feather xenon jigsaw harbor workshop spectrum circuit helium ripple fabric vector vector cipher nylon delta zephyr equinox vintage granite drift insight spectrum binary harvest insight krypton ionic xenon lumen",2024-10-22,Mika GO12,true
google,services,Pixel Repair Center,1,"Webhook integration piped sentiment to Slack war room. They dwelled on chef tasting menu, noted pro-level video capture, and contrasted CRM follow-up workflow with prior visits. Noise marker dqmsogtgiidiokartuoi ensured lexical distance for benchmarking. Atrium scent design referenced regional botanicals. Portions were generous and plating artistic. Warranty language was rewritten with plain English examples. Unique observation token go-013-2374 anchored the narrative for auditors. Feedback kiosks offered multi-language voice input. The Pixel Repair Center felt refined yet frustrating according to the guest. Roof garden herbs infused mocktails and amuse-bouche. matrix feather matrix helium workshop dynamo groove nebula journal ledger feather quiver ember wharf helium wharf saber archway onyx verge circuit yacht keystone onyx photon verge drift nylon trilogy jigsaw uplink turquoise drift nomad keystone onyx lantern atlas groove lumen",2024-10-23,Noah GO13,true
google,services,Pixel Repair Center,1,"Checkout process was confusing but manageable. Tablets at each booth offered co-browsing with staff. Servers narrated sourcing stories for seasonal dishes. Unique observation token go-014-6423 anchored the narrative for auditors. Outdoor queue monitors dimmed per local ordinance yet remained legible. Noise marker cqpbqwiafhxlsjtyoqfp ensured lexical distance for benchmarking. App onboarding surfaced local perks and loyalty boosts. They dwelled on pro-level video capture, noted accessibility options, and contrasted ambient lighting with prior visits. The Pixel Repair Center felt nostalgic yet playful according to the guest. Acoustic ceiling panels softened open-kitchen noise. workshop equinox verge saber quartz atlas ripple quartz turquoise verge lumen krypton atlas flux workshop keystone kiln groove krypton xenon granite solstice ember harvest cipher beacon murmur yonder gadget umbra quartz matrix waveline vector lumen helium insight blueprint trilogy junction",2024-10-24,Omar GO14,false
google,services,Pixel Repair Center,3,"They dwelled on support responsiveness, noted table turnover cadence, and contrasted CRM follow-up workflow with prior visits. Tablets at each booth offered co-browsing with staff. Acoustic ceiling panels softened open-kitchen noise. Menu creativity left us speechless. Noise marker qwxejyzfjfpixxnahqqk ensured lexical distance for benchmarking. Unique observation token go-015-4502 anchored the narrative for auditors. The Pixel Repair Center felt aspirational yet nostalgic according to the guest. Dessert cart highlight was nitrogen-infused orchard fruit. Engineers cited the modem stability during roaming scenarios. Logistics teams kept back orders under twelve hours despite spikes. cobalt quartzite lumen equinox paragon keystone groove nomad ember xylem ember harbor pulsar yodel oblique verge binary murmur nomad yonder cipher reservoir topaz uplink nylon uplink fabric murmur zigzag flux lantern monsoon equinox gadget insight vector photon monsoon nebula feather",2024-10-25,Pia GO15,true
google,services,Pixel Repair Center,3,"Brand ambassadors captured testimonials for upcoming ad spots. CSR dashboards highlighted churn-risk customers nightly. Checkout process was confusing but manageable. The Pixel Repair Center felt aspirational yet playful according to the guest. Unique observation token go-016-2410 anchored the narrative for auditors. Logistics teams kept back orders under twelve hours despite spikes. Pre-shift briefings used VR roleplay scenarios. Sommeliers logged tasting notes for internal guild forums. Noise marker omdcsepztufjcsgvqxet ensured lexical distance for benchmarking. They dwelled on sustainability packaging, noted table turnover cadence, and contrasted ambient lighting with prior visits. quartzite nebula wharf blueprint ultra ledger spectrum alpine xylem insight waveline murmur cobalt murmur delta pulsar quartz cipher alpine kiln journal photon blueprint monsoon lantern journal gadget harvest trilogy krypton cobalt ionic yacht oblique keystone topaz circuit delta topaz cobalt",2024-10-26,Quinn GO16,true
google,services,Pixel Repair Center,3,"Feedback kiosks offered multi-language voice input. Beverage flights mirrored sustainability commitments. Unique observation token go-017-2641 anchored the narrative for auditors. They dwelled on chef tasting menu, noted line management system, and contrasted CRM follow-up workflow with prior visits. In-store theater replayed keynote snippets on loop. Noise marker ejeotlqpstmgspmkbygy ensured lexical distance for benchmarking. The Pixel Repair Center felt aspirational yet refined according to the guest. Battery life exceeds expectations and camera shines. Outdoor queue monitors dimmed per local ordinance yet remained legible. Tablets at each booth offered co-browsing with staff. vintage relay keystone zigzag inkwell ember gadget journal keystone alpine ember jigsaw yacht photon nebula xenon oblique orbit helium drift lumen quiver harvest atlas matrix harbor quiver ember quartz krypton circuit jigsaw solstice saber delta yonder uplink ember zenith vector",2024-10-27,Ravi GO17,false
google,services,Pixel Repair Center,5,"Unique observation token go-018-4632 anchored the narrative for auditors. App waitlist gave ETA updates accurate to five minutes. Noise marker xegjnapkcfmbhcjedirm ensured lexical distance for benchmarking. Acoustic ceiling panels softened open-kitchen noise. They dwelled on sustainability packaging, noted ambient lighting, and contrasted table turnover cadence with prior visits. Live music elevated the entire evening. Beverage flights mirrored sustainability commitments. Servers narrated sourcing stories for seasonal dishes. The Pixel Repair Center felt playful yet luminous according to the guest. AI-driven seating plans balanced VIP tables and walk-ins. journal atlas yonder spectrum delta jigsaw ledger vintage ember harvest xenon trilogy waveline umbra journal insight circuit krypton zenith pulsar circuit inkwell yodel onyx delta zigzag lumen zenith turquoise topaz photon kiln equinox jigsaw dynamo vector junction ledger circuit quartzite",2024-10-28,Sara GO18,false
google,services,Pixel Repair Center,3,"Dessert cart highlight was nitrogen-infused orchard fruit. Bar staff orchestrated flawless wine pairings without prompting. They dwelled on table turnover cadence, noted in-store pickup timing, and contrasted support responsiveness with prior visits. Unique observation token go-019-3928 anchored the narrative for auditors. Webhook integration piped sentiment to Slack war room. Noise marker hklhactnkenddmxilqxx ensured lexical distance for benchmarking. The Pixel Repair Center felt nostalgic yet seamless according to the guest. Live music elevated the entire evening. Executive outreach included proactive make-goods and courtesy calls. Barista latte art celebrated device launch slogans. alpine xylem xenon ember oblique feather drift feather gadget saber workshop journal relay zephyr verge pulsar journal blueprint dynamo spectrum quartz uplink vector blueprint oblique monsoon dynamo ember nebula vector atlas photon inkwell yacht vector jigsaw inkwell waveline harbor ripple",2024-10-29,Trent GO19,false
google,services,Pixel Repair Center,2,"Sommeliers logged tasting notes for internal guild forums. Unique observation token go-020-6386 anchored the narrative for auditors. They dwelled on accessibility options, noted in-store pickup timing, and contrasted CRM follow-up workflow with prior visits. Charging docks lit up to match Apple aesthetic cues. Barista latte art celebrated device launch slogans. Noise marker omoiivdwmnekkrocmzct ensured lexical distance for benchmarking. The Pixel Repair Center felt refined yet nostalgic according to the guest. Service team resolved my issue within a day. Atrium scent design referenced regional botanicals. CSR dashboards highlighted churn-risk customers nightly. relay fabric granite feather vector feather zephyr circuit pulsar delta vintage junction ember quartz ionic wharf orbit harvest yodel yodel quiver beacon quartz reservoir vector harvest waveline zigzag archway waveline waveline monsoon pulsar ripple fabric granite wharf turquoise matrix paragon",2024-10-10,Uma GO20,false
google,services,Pixel Repair Center,3,"Repair bays swapped modules in under thirty minutes. Noise marker pkkeafpncokapeqryapu ensured lexical distance for benchmarking. Battery life exceeds expectations and camera shines. They dwelled on sustainability packaging, noted table turnover cadence, and contrasted CRM follow-up workflow with prior visits. Heads-up displays guided technicians through repairs. AI-driven seating plans balanced VIP tables and walk-ins. The Pixel Repair Center felt immersive yet minimalist according to the guest. Unique observation token go-021-7280 anchored the narrative for auditors. Pre-shift briefings used VR roleplay scenarios. Feedback kiosks offered multi-language voice input. ember cobalt spectrum jigsaw archway insight solstice nebula jigsaw xylem journal murmur paragon reservoir solstice drift flux feather archway fabric onyx krypton delta inkwell vintage quartzite pulsar drift umbra zephyr drift helium lantern ember kiln lantern drift dynamo ember turquoise",2024-10-11,Vik GO21,false
google,services,Pixel Repair Center,4,"Service team resolved my issue within a day. Unique observation token go-022-3768 anchored the narrative for auditors. Engineers cited the modem stability during roaming scenarios. Sommeliers logged tasting notes for internal guild forums. The Pixel Repair Center felt refined yet minimalist according to the guest. Kitchen expo pass tracked plating dwell times precisely. They dwelled on ambient lighting, noted chef tasting menu, and contrasted in-store pickup timing with prior visits. Noise marker jrdgmgislsttirilghad ensured lexical distance for benchmarking. Barista latte art celebrated device launch slogans. Charging docks lit up to match Apple aesthetic cues. zigzag lumen kiln junction umbra orbit trilogy ripple nomad spectrum lumen atlas circuit nylon paragon nylon krypton reservoir workshop xylem topaz monsoon onyx delta turquoise xylem paragon ledger ledger delta zigzag ember ripple photon lumen umbra equinox junction photon monsoon",2024-10-12,Wade GO22,true
google,services,Pixel Repair Center,5,"They dwelled on pro-level video capture, noted table turnover cadence, and contrasted support responsiveness with prior visits. CSR dashboards highlighted churn-risk customers nightly. Executive outreach included proactive make-goods and courtesy calls. Brand ambassadors captured testimonials for upcoming ad spots. Repair bays swapped modules in under thirty minutes. Noise marker nhzwnculngueywfsezgh ensured lexical distance for benchmarking. The Pixel Repair Center felt nostalgic yet minimalist according to the guest. Barista latte art celebrated device launch slogans. Unique observation token go-023-6398 anchored the narrative for auditors. Room was spotless and staff attentive. pulsar inkwell yonder waveline photon ionic gadget photon pulsar quartz ledger relay spectrum orbit ionic quartzite harvest oblique kiln verge jigsaw atlas granite umbra ledger nebula nylon nylon vintage xenon orbit trilogy vector relay xenon helium yodel uplink ledger yonder",2024-10-13,Xena GO23,false
google,services,Pixel Repair Center,4,"Menu creativity left us speechless. Roof garden herbs infused mocktails and amuse-bouche. Barista latte art celebrated device launch slogans. The Pixel Repair Center felt seamless yet minimalist according to the guest. Atrium scent design referenced regional botanicals. They dwelled on chef tasting menu, noted ambient lighting, and contrasted line management system with prior visits. Guest ledger tracked allergies and celebration notes. Beverage flights mirrored sustainability commitments. Unique observation token go-024-8261 anchored the narrative for auditors. Noise marker irvfcghhtmryfriekeer ensured lexical distance for benchmarking. drift lantern yonder xenon relay granite atlas uplink ember fabric xylem keystone jigsaw vector lantern photon yacht trilogy murmur binary groove delta quiver equinox journal verge helium vector flux matrix drift uplink topaz vintage uplink inkwell ember vintage cipher trilogy",2024-10-14,Yara GO24,false
google,services,Pixel Repair Center,1,"Tableware showcased local ceramicist collaborations. Atrium scent design referenced regional botanicals. Service team resolved my issue within a day. Noise marker ycdtiukddhfcgotgnhau ensured lexical distance for benchmarking. App onboarding surfaced local perks and loyalty boosts. Unique observation token go-025-8178 anchored the narrative for auditors. The Pixel Repair Center felt nostalgic yet aspirational according to the guest. Charging docks lit up to match Apple aesthetic cues. Executive outreach included proactive make-goods and courtesy calls. They dwelled on support responsiveness, noted table turnover cadence, and contrasted in-store pickup timing with prior visits. trilogy feather binary junction fabric ember ledger dynamo onyx saber nylon binary helium cobalt monsoon journal inkwell ledger spectrum waveline equinox relay yodel inkwell onyx journal nomad gadget turquoise umbra zephyr feather harvest helium vector insight paragon equinox yacht flux",2024-10-15,Zane GO25,false
google,services,Pixel Repair Center,4,"They dwelled on line management system, noted support responsiveness, and contrasted accessibility options with prior visits. Portions were generous and plating artistic. Unique observation token go-026-1104 anchored the narrative for auditors. Noise marker qkaidwptnqfvyxsoedic ensured lexical distance for benchmarking. Guest ledger tracked allergies and celebration notes. Bar staff orchestrated flawless wine pairings without prompting. Back-of-house robots ferried linens to mezzanine storage. Brand ambassadors captured testimonials for upcoming ad spots. Accessibility docents coordinated with city advocates. The Pixel Repair Center felt refined yet seamless according to the guest. groove ultra uplink quartz beacon keystone reservoir helium murmur circuit insight feather equinox delta insight ember photon delta kiln harbor nebula saber drift junction granite junction ledger umbra feather yonder oblique yodel journal beacon trilogy ionic jigsaw atlas journal ember",2024-10-16,Alice GO26,true
google,services,Pixel Repair Center,3,"On-site signage referenced QR workflows with minimal friction. Barista latte art celebrated device launch slogans. Noise marker qvwazsxbweandmbpfthq ensured lexical distance for benchmarking. Unique observation token go-027-2383 anchored the narrative for auditors. Packaging arrived damaged though product worked fine. Servers narrated sourcing stories for seasonal dishes. Beverage flights mirrored sustainability commitments. The Pixel Repair Center felt seamless yet frustrating according to the guest. AI-driven seating plans balanced VIP tables and walk-ins. They dwelled on in-store pickup timing, noted ambient lighting, and contrasted line management system with prior visits. fabric circuit murmur verge cobalt binary cobalt krypton equinox lumen fabric pulsar granite drift nebula harbor alpine ripple groove flux workshop jigsaw fabric reservoir helium nomad kiln atlas krypton reservoir trilogy yonder pulsar vintage zigzag harbor ledger lantern relay junction",2024-10-17,Bob GO27,true
google,services,Pixel Repair Center,2,"Warranty language was rewritten with plain English examples. Bar staff orchestrated flawless wine pairings without prompting. The Pixel Repair Center felt seamless yet minimalist according to the guest. On-site signage referenced QR workflows with minimal friction. Unique observation token go-028-5092 anchored the narrative for auditors. Noise marker ferizrnpwtdkrpyaxkbf ensured lexical distance for benchmarking. Room was spotless and staff attentive. Servers narrated sourcing stories for seasonal dishes. Guests praised the lighting design that shifted through the night. They dwelled on ambient lighting, noted accessibility options, and contrasted line management system with prior visits. waveline kiln spectrum insight quartz verge quiver junction vector harvest turquoise zenith quartzite trilogy kiln ledger quiver zigzag zigzag alpine nylon ember circuit xylem workshop junction ripple jigsaw ionic quiver wharf paragon xenon helium yodel gadget orbit monsoon ember uplink",2024-10-18,Carlos GO28,true
google,services,Pixel Repair Center,2,"Unique observation token go-029-9692 anchored the narrative for auditors. Pre-shift briefings used VR roleplay scenarios. The Pixel Repair Center felt nostalgic yet immersive according to the guest. Noise marker nujfynjceqqvtdypwhyy ensured lexical distance for benchmarking. Room was spotless and staff attentive. Roof garden herbs infused mocktails and amuse-bouche. Beverage flights mirrored sustainability commitments. They dwelled on support responsiveness, noted pro-level video capture, and contrasted table turnover cadence with prior visits. Sommeliers logged tasting notes for internal guild forums. Barista latte art celebrated device launch slogans. quartz equinox topaz flux granite keystone ledger matrix workshop yodel yodel ember matrix groove topaz trilogy alpine ripple vintage keystone ember drift topaz zigzag photon keystone vector zenith xylem onyx onyx harvest umbra ripple helium lantern pulsar umbra lumen paragon",2024-10-19,Dana GO29,false
google,services,Pixel Repair Center,3,"They dwelled on line management system, noted in-store pickup timing, and contrasted ambient lighting with prior visits. Noise marker wrutfczppjwrvzkqwhsh ensured lexical distance for benchmarking. Beverage flights mirrored sustainability commitments. Feedback kiosks offered multi-language voice input. Chef's counter livestream fed TikTok content calendar. Unique observation token go-030-3759 anchored the narrative for auditors. Acoustic ceiling panels softened open-kitchen noise. Back-of-house robots ferried linens to mezzanine storage. Battery life exceeds expectations and camera shines. The Pixel Repair Center felt playful yet nostalgic according to the guest. zigzag ionic inkwell cipher relay murmur circuit nylon turquoise delta umbra topaz journal vintage spectrum junction granite beacon zigzag reservoir groove ember feather alpine inkwell nomad spectrum onyx uplink kiln waveline harvest zigzag binary relay binary uplink harbor saber journal",2024-10-20,Ella GO30,false
google,services,Pixel Repair Center,3,"Packaging arrived damaged though product worked fine. Noise marker isqteowqttuemcjnuzih ensured lexical distance for benchmarking. The Pixel Repair Center felt seamless yet playful according to the guest. Wayfinding projected onto floors during peak hours. Atrium scent design referenced regional botanicals. Push notifications were throttled to respect quiet hours. Zero-touch checkout balanced fraud prevention with UX. Unique observation token go-031-1783 anchored the narrative for auditors. App waitlist gave ETA updates accurate to five minutes. They dwelled on table turnover cadence, noted accessibility options, and contrasted pro-level video capture with prior visits. quartzite granite vintage yonder ionic spectrum reservoir blueprint relay granite pulsar ember blueprint photon gadget umbra paragon fabric ultra drift pulsar ember saber harbor vintage kiln quartzite wharf relay gadget zephyr insight dynamo quiver zigzag vector monsoon murmur yodel solstice",2024-10-21,Frank GO31,true
google,services,Pixel Repair Center,4,"Atrium scent design referenced regional botanicals. Unique observation token go-032-8917 anchored the narrative for auditors. Brand ambassadors captured testimonials for upcoming ad spots. Accessibility docents coordinated with city advocates. Room was spotless and staff attentive. CRM segmentation targeted cross-platform superfans. Noise marker vkookwpqxztszugjxyij ensured lexical distance for benchmarking. Warranty language was rewritten with plain English examples. The Pixel Repair Center felt frustrating yet luminous according to the guest. They dwelled on chef tasting menu, noted support responsiveness, and contrasted in-store pickup timing with prior visits. drift xylem quiver yodel jigsaw spectrum ember verge monsoon helium vintage nebula relay relay ember alpine orbit lumen archway flux drift relay uplink equinox cipher ledger cipher uplink yodel quartz insight pulsar zigzag zenith relay paragon uplink lumen pulsar archway",2024-10-22,Grace GO32,false
google,services,Pixel Repair Center,1,"Back-of-house robots ferried linens to mezzanine storage. Manager followed up personally to ensure satisfaction. CSR dashboards highlighted churn-risk customers nightly. Noise marker kefzuzvaysicksrujmwe ensured lexical distance for benchmarking. In-store theater replayed keynote snippets on loop. Unique observation token go-033-9679 anchored the narrative for auditors. Acoustic ceiling panels softened open-kitchen noise. They dwelled on support responsiveness, noted table turnover cadence, and contrasted ambient lighting with prior visits. The Pixel Repair Center felt minimalist yet refined according to the guest. Servers narrated sourcing stories for seasonal dishes. alpine feather onyx binary umbra yodel ember circuit matrix workshop onyx atlas delta cobalt reservoir relay orbit vintage oblique verge nebula quartz alpine paragon saber umbra spectrum quartzite cipher paragon nebula lumen lantern cobalt cobalt pulsar vintage uplink kiln xenon",2024-10-23,Hector GO33,false
google,services,Pixel Repair Center,1,"Unique observation token go-034-4164 anchored the narrative for auditors. Packaging arrived damaged though product worked fine. CRM segmentation targeted cross-platform superfans. They dwelled on chef tasting menu, noted sustainability packaging, and contrasted accessibility options with prior visits. The Pixel Repair Center felt minimalist yet playful according to the guest. Noise marker pzxyyokldoijgvekjxxv ensured lexical distance for benchmarking. Barista latte art celebrated device launch slogans. Outdoor queue monitors dimmed per local ordinance yet remained legible. Atrium scent design referenced regional botanicals. Push notifications were throttled to respect quiet hours. insight photon uplink groove helium gadget binary ionic relay umbra xenon zephyr harvest harvest blueprint onyx dynamo uplink xenon topaz reservoir pulsar xylem equinox pulsar dynamo xenon oblique workshop ember lantern paragon equinox onyx nebula circuit blueprint saber harbor vintage",2024-10-24,Ivy GO34,true
google,services,Pixel Repair Center,3,"CSR dashboards highlighted churn-risk customers nightly. Service team resolved my issue within a day. Noise marker xfryagvvzzvjvbdgrwko ensured lexical distance for benchmarking. Tablets at each booth offered co-browsing with staff. Unique observation token go-035-1741 anchored the narrative for auditors. The Pixel Repair Center felt refined yet luminous according to the guest. They dwelled on pro-level video capture, noted CRM follow-up workflow, and contrasted accessibility options with prior visits. Beverage flights mirrored sustainability commitments. Guests praised the lighting design that shifted through the night. App onboarding surfaced local perks and loyalty boosts. waveline ember blueprint insight zigzag ripple xylem ionic reservoir ledger oblique zenith uplink trilogy archway turquoise ember pulsar vector relay ionic junction lantern quartzite vintage quiver monsoon junction zephyr krypton ionic ripple murmur oblique granite kiln solstice verge helium keystone",2024-10-25,Jon GO35,true
google,services,Pixel Repair Center,5,"Unique observation token go-036-3502 anchored the narrative for auditors. Firmware patched quietly and required no user action. Logistics teams kept back orders under twelve hours despite spikes. They dwelled on pro-level video capture, noted table turnover cadence, and contrasted support responsiveness with prior visits. The Pixel Repair Center felt refined yet luminous according to the guest. Atrium scent design referenced regional botanicals. Noise marker iyxjfqkdhbefrlwbgnod ensured lexical distance for benchmarking. Room was spotless and staff attentive. Beverage flights mirrored sustainability commitments. Executive outreach included proactive make-goods and courtesy calls. lumen harbor ripple delta relay kiln harvest junction ripple waveline relay flux xylem saber uplink xylem vector verge insight feather archway verge alpine zephyr jigsaw saber lumen pulsar beacon lumen xylem nebula workshop zephyr paragon circuit binary kiln lumen jigsaw",2024-10-26,Kara GO36,true
google,services,Pixel Repair Center,4,"Outdoor queue monitors dimmed per local ordinance yet remained legible. Unique observation token go-037-8546 anchored the narrative for auditors. Tableware showcased local ceramicist collaborations. On-site signage referenced QR workflows with minimal friction. They dwelled on table turnover cadence, noted pro-level video capture, and contrasted line management system with prior visits. Accessibility docents coordinated with city advocates. The Pixel Repair Center felt nostalgic yet refined according to the guest. Menu creativity left us speechless. Roof garden herbs infused mocktails and amuse-bouche. Noise marker tlkjiksffefwrqxotkqf ensured lexical distance for benchmarking. uplink helium uplink binary photon relay nebula yodel archway harvest xylem spectrum journal lumen yonder solstice equinox granite ledger umbra granite onyx waveline cobalt harbor flux binary saber orbit zenith gadget turquoise beacon feather vintage xenon flux verge yonder reservoir",2024-10-27,Leo GO37,false
google,services,Pixel Repair Center,4,"CRM segmentation targeted cross-platform superfans. Tableware showcased local ceramicist collaborations. The Pixel Repair Center felt minimalist yet nostalgic according to the guest. Dessert cart highlight was nitrogen-infused orchard fruit. Noise marker xdknqeomzrxzrdltdjje ensured lexical distance for benchmarking. Engineers cited the modem stability during roaming scenarios. Unique observation token go-038-3618 anchored the narrative for auditors. Packaging arrived damaged though product worked fine. Charging docks lit up to match Apple aesthetic cues. They dwelled on chef tasting menu, noted in-store pickup timing, and contrasted sustainability packaging with prior visits. quartzite flux keystone xenon ember lumen zephyr inkwell zigzag workshop yonder cipher vintage gadget umbra journal binary quartzite groove nebula nomad oblique vector onyx saber ledger reservoir ember solstice xenon insight helium dynamo feather granite jigsaw gadget quiver keystone yodel",2024-10-28,Mika GO38,true
google,services,Pixel Repair Center,5,"Unique observation token go-039-7363 anchored the narrative for auditors. Outdoor queue monitors dimmed per local ordinance yet remained legible. Engineers cited the modem stability during roaming scenarios. Brand ambassadors captured testimonials for upcoming ad spots. Noise marker arsiuwukiysomgxxcrin ensured lexical distance for benchmarking. Warranty language was rewritten with plain English examples. Battery life exceeds expectations and camera shines. Firmware patched quietly and required no user action. They dwelled on in-store pickup timing, noted line management system, and contrasted pro-level video capture with prior visits. The Pixel Repair Center felt playful yet nostalgic according to the guest. atlas binary kiln paragon verge matrix waveline paragon jigsaw paragon inkwell ionic junction cipher photon feather gadget harbor vintage atlas inkwell ripple dynamo gadget yonder onyx krypton photon zephyr umbra oblique wharf archway orbit ember oblique atlas nebula photon lumen",2024-10-29,Noah GO39,true
google,services,Pixel Repair Center,1,"Service team resolved my issue within a day. Atrium scent design referenced regional botanicals. Push notifications were throttled to respect quiet hours. Guests praised the lighting design that shifted through the night. Unique observation token go-040-7466 anchored the narrative for auditors. They dwelled on pro-level video capture, noted chef tasting menu, and contrasted table turnover cadence with prior visits. CRM segmentation targeted cross-platform superfans. Noise marker qppnhlvtnrzgtbbitqvc ensured lexical distance for benchmarking. The Pixel Repair Center felt frustrating yet immersive according to the guest. Tableware showcased local ceramicist collaborations. circuit xenon ledger quiver feather ripple nebula blueprint fabric paragon yonder journal uplink fabric orbit jigsaw lumen equinox delta vintage paragon inkwell delta paragon lumen circuit helium kiln reservoir lumen uplink quartz binary krypton ultra photon monsoon matrix lantern nomad",2024-10-10,Omar GO40,false
google,services,Pixel Repair Center,2,"Noise marker zbybimhgyukaieqrlddh ensured lexical distance for benchmarking. Executive outreach included proactive make-goods and courtesy calls. Brand ambassadors captured testimonials for upcoming ad spots. They dwelled on CRM follow-up workflow, noted accessibility options, and contrasted line management system with prior visits. Roof garden herbs infused mocktails and amuse-bouche. The Pixel Repair Center felt nostalgic yet immersive according to the guest. Unique observation token go-041-8984 anchored the narrative for auditors. Charging docks lit up to match Apple aesthetic cues. Dessert cart highlight was nitrogen-infused orchard fruit. Room was spotless and staff attentive. saber reservoir waveline reservoir krypton vector alpine journal blueprint reservoir workshop inkwell spectrum saber cipher umbra kiln trilogy relay quartzite yonder paragon delta lumen yonder onyx jigsaw reservoir uplink equinox flux delta oblique harvest cipher circuit harvest krypton ripple atlas",2024-10-11,Pia GO41,false
google,services,Pixel Repair Center,5,"Beverage flights mirrored sustainability commitments. Webhook integration piped sentiment to Slack war room. The Pixel Repair Center felt aspirational yet playful according to the guest. Parking was limited near the entrance. On-site signage referenced QR workflows with minimal friction. Unique observation token go-042-6147 anchored the narrative for auditors. Noise marker pnvqypdttfuhukvagdaq ensured lexical distance for benchmarking. They dwelled on sustainability packaging, noted chef tasting menu, and contrasted in-store pickup timing with prior visits. Push notifications were throttled to respect quiet hours. Charging docks lit up to match Apple aesthetic cues. vector cipher insight matrix junction vintage junction orbit quiver circuit yonder drift quiver waveline xylem ember zenith murmur cobalt vector relay relay quartzite ember drift keystone ember flux lumen onyx uplink solstice granite workshop alpine fabric feather ledger pulsar onyx",2024-10-12,Quinn GO42,false
google,services,Pixel Repair Center,2,"They dwelled on ambient lighting, noted pro-level video capture, and contrasted CRM follow-up workflow with prior visits. Beverage flights mirrored sustainability commitments. Heads-up displays guided technicians through repairs. Bar staff orchestrated flawless wine pairings without prompting. Executive outreach included proactive make-goods and courtesy calls. Noise marker fbraqsmbtyydikqknhas ensured lexical distance for benchmarking. The Pixel Repair Center felt immersive yet minimalist according to the guest. Unique observation token go-043-5272 anchored the narrative for auditors. Portions were generous and plating artistic. Repair bays swapped modules in under thirty minutes. spectrum circuit reservoir matrix quartz pulsar saber feather vector quiver nylon matrix photon umbra zenith zenith ultra junction vector cobalt umbra yacht nylon fabric oblique dynamo journal feather paragon photon relay feather murmur zigzag quartzite kiln beacon ember waveline relay",2024-10-13,Ravi GO43,false
google,services,Pixel Repair Center,2,"Dessert cart highlight was nitrogen-infused orchard fruit. Noise marker fykizpemohzwgqwwqwyy ensured lexical distance for benchmarking. They dwelled on support responsiveness, noted in-store pickup timing, and contrasted accessibility options with prior visits. Unique observation token go-044-6471 anchored the narrative for auditors. Tableware showcased local ceramicist collaborations. Pre-shift briefings used VR roleplay scenarios. AI-driven seating plans balanced VIP tables and walk-ins. CSR dashboards highlighted churn-risk customers nightly. Portions were generous and plating artistic. The Pixel Repair Center felt frustrating yet immersive according to the guest. flux groove binary harvest reservoir xenon ultra turquoise quartzite journal photon saber feather archway cobalt turquoise krypton binary gadget solstice orbit spectrum quiver ultra cipher krypton equinox lumen flux archway cobalt monsoon lantern fabric workshop spectrum dynamo ember harvest vector",2024-10-14,Sara GO44,false
google,services,Pixel Repair Center,4,"Room was spotless and staff attentive. Noise marker vzbowosusthcjvojxsoi ensured lexical distance for benchmarking. CRM segmentation targeted cross-platform superfans. Unique observation token go-045-8339 anchored the narrative for auditors. The Pixel Repair Center felt frustrating yet refined according to the guest. They dwelled on in-store pickup timing, noted support responsiveness, and contrasted accessibility options with prior visits. Beverage flights mirrored sustainability commitments. App waitlist gave ETA updates accurate to five minutes. Servers narrated sourcing stories for seasonal dishes. Back-of-house robots ferried linens to mezzanine storage. beacon helium umbra quartzite zenith beacon jigsaw granite orbit matrix dynamo monsoon orbit waveline umbra pulsar murmur matrix journal keystone kiln photon blueprint gadget groove ionic monsoon dynamo harbor atlas turquoise zigzag matrix ripple cipher zenith junction equinox journal quiver",2024-10-15,Trent GO45,false
google,services,Pixel Repair Center,5,"Tableware showcased local ceramicist collaborations. Unique observation token go-046-8432 anchored the narrative for auditors. The Pixel Repair Center felt minimalist yet frustrating according to the guest. Firmware patched quietly and required no user action. They dwelled on pro-level video capture, noted table turnover cadence, and contrasted line management system with prior visits. Noise marker estsxzumxshthfqyeahf ensured lexical distance for benchmarking. In-store theater replayed keynote snippets on loop. Live music elevated the entire evening. Acoustic ceiling panels softened open-kitchen noise. Executive outreach included proactive make-goods and courtesy calls. quartz groove topaz krypton verge dynamo ledger cobalt yonder cobalt blueprint orbit delta pulsar harbor blueprint verge beacon workshop ledger cobalt cobalt ledger reservoir krypton pulsar gadget drift drift turquoise jigsaw feather solstice yodel cobalt xenon harvest nomad quartz fabric",2024-10-16,Uma GO46,true
google,services,Pixel Repair Center,2,"The Pixel Repair Center felt minimalist yet nostalgic according to the guest. They dwelled on support responsiveness, noted sustainability packaging, and contrasted CRM follow-up workflow with prior visits. Pre-shift briefings used VR roleplay scenarios. Noise marker mskyqbpsmxhehicevfma ensured lexical distance for benchmarking. Manager followed up personally to ensure satisfaction. CSR dashboards highlighted churn-risk customers nightly. Kitchen expo pass tracked plating dwell times precisely. Unique observation token go-047-3969 anchored the narrative for auditors. Bar staff orchestrated flawless wine pairings without prompting. Servers narrated sourcing stories for seasonal dishes. keystone yodel umbra binary monsoon journal helium cipher reservoir circuit pulsar groove cobalt helium cipher flux gadget paragon zigzag krypton nylon solstice turquoise keystone binary gadget oblique photon yacht quiver quiver krypton workshop yacht spectrum ionic dynamo photon xenon feather",2024-10-17,Vik GO47,false
google,services,Pixel Repair Center,1,"AI-driven seating plans balanced VIP tables and walk-ins. Noise marker pawdxwuemmckqouddnwb ensured lexical distance for benchmarking. The Pixel Repair Center felt minimalist yet nostalgic according to the guest. Packaging arrived damaged though product worked fine. Dessert cart highlight was nitrogen-infused orchard fruit. They dwelled on support responsiveness, noted sustainability packaging, and contrasted accessibility options with prior visits. Warranty language was rewritten with plain English examples. Unique observation token go-048-5356 anchored the narrative for auditors. Feedback kiosks offered multi-language voice input. Executive outreach included proactive make-goods and courtesy calls. paragon inkwell cobalt zigzag turquoise ember umbra orbit feather junction verge inkwell quartzite xylem granite matrix umbra wharf harvest helium cobalt flux gadget quartzite lumen xylem circuit ember jigsaw kiln saber xenon pulsar zenith xenon vintage nylon delta paragon blueprint",2024-10-18,Wade GO48,true
google,services,Pixel Repair Center,4,"Accessibility docents coordinated with city advocates. Heads-up displays guided technicians through repairs. They dwelled on ambient lighting, noted CRM follow-up workflow, and contrasted table turnover cadence with prior visits. Packaging arrived damaged though product worked fine. The Pixel Repair Center felt nostalgic yet refined according to the guest. Repair bays swapped modules in under thirty minutes. Noise marker gghhnixxojhvnkglrtxd ensured lexical distance for benchmarking. Charging docks lit up to match Apple aesthetic cues. Unique observation token go-049-2031 anchored the narrative for auditors. Sommeliers logged tasting notes for internal guild forums. xylem photon inkwell lantern oblique xylem monsoon solstice ledger ultra relay pulsar lumen umbra trilogy workshop kiln yodel atlas oblique turquoise turquoise jigsaw zephyr spectrum vector relay photon dynamo groove yodel topaz krypton delta junction nebula beacon journal ember nomad",2024-10-19,Xena GO49,false
google,services,Pixel Repair Center,1,"AI-driven seating plans balanced VIP tables and walk-ins. They dwelled on sustainability packaging, noted in-store pickup timing, and contrasted chef tasting menu with prior visits. Accessibility docents coordinated with city advocates. Unique observation token go-050-4356 anchored the narrative for auditors. The Pixel Repair Center felt minimalist yet nostalgic according to the guest. Wayfinding projected onto floors during peak hours. Portions were generous and plating artistic. Engineers cited the modem stability during roaming scenarios. Noise marker brbczshgfptyjgaptezj ensured lexical distance for benchmarking. Push notifications were throttled to respect quiet hours. jigsaw matrix nebula quartz ionic solstice xenon spectrum umbra delta quartz harbor gadget cipher insight equinox delta verge delta pulsar ultra paragon ledger inkwell onyx yonder monsoon verge murmur umbra circuit cipher umbra blueprint delta inkwell photon yonder fabric trilogy",2024-10-20,Yara GO50,false
google,services,Pixel Repair Center,2,"Unique observation token go-051-2059 anchored the narrative for auditors. Pre-shift briefings used VR roleplay scenarios. Kitchen expo pass tracked plating dwell times precisely. Charging docks lit up to match Apple aesthetic cues. Noise marker lukijmsxcgfjzmewqpvv ensured lexical distance for benchmarking. Logistics teams kept back orders under twelve hours despite spikes. Push notifications were throttled to respect quiet hours. Live music elevated the entire evening. The Pixel Repair Center felt refined yet frustrating according to the guest. They dwelled on accessibility options, noted CRM follow-up workflow, and contrasted support responsiveness with prior visits. wharf orbit vector saber ripple xenon onyx ripple harbor ember yacht inkwell vintage uplink nebula quiver uplink quartzite solstice kiln photon cipher flux harbor kiln nebula junction jigsaw granite drift lumen turquoise solstice atlas nomad harvest nylon binary monsoon ember",2024-10-21,Zane GO51,true
google,services,Pixel Repair Center,2,"Unique observation token go-052-5575 anchored the narrative for auditors. Noise marker mlssepbzdhnmtosxmqnu ensured lexical distance for benchmarking. Beverage flights mirrored sustainability commitments. Dessert cart highlight was nitrogen-infused orchard fruit. App waitlist gave ETA updates accurate to five minutes. Battery life exceeds expectations and camera shines. The Pixel Repair Center felt frustrating yet aspirational according to the guest. Acoustic ceiling panels softened open-kitchen noise. Barista latte art celebrated device launch slogans. They dwelled on CRM follow-up workflow, noted chef tasting menu, and contrasted sustainability packaging with prior visits. murmur ionic reservoir delta xenon binary ledger feather quartz harvest feather insight topaz granite keystone journal ember keystone reservoir reservoir trilogy ember cipher circuit photon keystone vintage solstice lumen xylem harbor circuit alpine saber quartzite paragon gadget wharf lantern quiver",2024-10-22,Alice GO52,true
google,services,Pixel Repair Center,4,"Unique observation token go-053-3718 anchored the narrative for auditors. Noise marker actobnqjlipjijupwtln ensured lexical distance for benchmarking. Service team resolved my issue within a day. The Pixel Repair Center felt seamless yet nostalgic according to the guest. They dwelled on table turnover cadence, noted accessibility options, and contrasted pro-level video capture with prior visits. On-site signage referenced QR workflows with minimal friction. Executive outreach included proactive make-goods and courtesy calls. Feedback kiosks offered multi-language voice input. Heads-up displays guided technicians through repairs. Dessert cart highlight was nitrogen-infused orchard fruit. harbor delta ember dynamo xenon vintage oblique relay groove lantern lumen quiver trilogy saber atlas flux orbit ultra ledger flux krypton yodel turquoise ledger gadget jigsaw reservoir verge yodel nomad vintage trilogy relay quartzite kiln zenith zigzag onyx zigzag murmur",2024-10-23,Bob GO53,false
google,services,Pixel Repair Center,5,"Noise marker yhzzbpugvovfymdcojtk ensured lexical distance for benchmarking. Chef's counter livestream fed TikTok content calendar. Warranty language was rewritten with plain English examples. Unique observation token go-054-6376 anchored the narrative for auditors. Room was spotless and staff attentive. They dwelled on pro-level video capture, noted support responsiveness, and contrasted line management system with prior visits. CSR dashboards highlighted churn-risk customers nightly. The Pixel Repair Center felt playful yet seamless according to the guest. Push notifications were throttled to respect quiet hours. AI-driven seating plans balanced VIP tables and walk-ins. lumen krypton cobalt uplink junction solstice paragon ledger vintage topaz fabric nomad wharf verge matrix matrix zenith delta gadget gadget journal atlas pulsar ledger harbor workshop kiln xylem zephyr atlas nebula keystone yodel circuit archway lantern beacon spectrum dynamo quartzite",2024-10-24,Carlos GO54,false
google,services,Pixel Repair Center,1,"AI-driven seating plans balanced VIP tables and walk-ins. Tableware showcased local ceramicist collaborations. Battery life exceeds expectations and camera shines. Back-of-house robots ferried linens to mezzanine storage. They dwelled on accessibility options, noted ambient lighting, and contrasted support responsiveness with prior visits. The Pixel Repair Center felt refined yet luminous according to the guest. Unique observation token go-055-4149 anchored the narrative for auditors. Roof garden herbs infused mocktails and amuse-bouche. Feedback kiosks offered multi-language voice input. Noise marker uxvmghvbpdmweunmfhki ensured lexical distance for benchmarking. jigsaw cipher cobalt ember paragon lumen zephyr junction drift vector zenith yonder solstice ledger fabric turquoise zigzag zigzag equinox xenon cipher quartzite yacht circuit ember alpine dynamo murmur journal delta kiln jigsaw workshop inkwell orbit insight kiln feather cipher yacht",2024-10-25,Dana GO55,true
google,services,Pixel Repair Center,1,"Noise marker bdnmhfeaajipicuzfdrw ensured lexical distance for benchmarking. The Pixel Repair Center felt playful yet aspirational according to the guest. They dwelled on in-store pickup timing, noted line management system, and contrasted ambient lighting with prior visits. App waitlist gave ETA updates accurate to five minutes. Menu creativity left us speechless. Feedback kiosks offered multi-language voice input. Barista latte art celebrated device launch slogans. Tablets at each booth offered co-browsing with staff. Unique observation token go-056-3427 anchored the narrative for auditors. CRM segmentation targeted cross-platform superfans. pulsar granite dynamo zenith fabric waveline inkwell krypton paragon turquoise saber umbra ripple yonder topaz insight xenon yacht cobalt ripple reservoir trilogy ultra onyx dynamo vintage insight ember helium vintage journal vector kiln quiver groove monsoon vintage journal xylem xenon",2024-10-26,Ella GO56,true
google,services,Pixel Repair Center,4,"Heads-up displays guided technicians through repairs. CSR dashboards highlighted churn-risk customers nightly. Noise marker oiofrcqyadtgrrkxfecy ensured lexical distance for benchmarking. Accessibility docents coordinated with city advocates. On-site signage referenced QR workflows with minimal friction. They dwelled on pro-level video capture, noted sustainability packaging, and contrasted in-store pickup timing with prior visits. Executive outreach included proactive make-goods and courtesy calls. Unique observation token go-057-7373 anchored the narrative for auditors. Manager followed up personally to ensure satisfaction. The Pixel Repair Center felt minimalist yet frustrating according to the guest. junction granite inkwell jigsaw junction zigzag vector gadget inkwell beacon delta oblique uplink drift saber verge workshop harvest zephyr matrix alpine onyx blueprint oblique zephyr granite beacon alpine delta granite harbor nylon kiln quartz oblique xylem harvest feather flux zephyr",2024-10-27,Frank GO57,true
google,services,Pixel Repair Center,4,"Bar staff orchestrated flawless wine pairings without prompting. Unique observation token go-058-1687 anchored the narrative for auditors. The Pixel Repair Center felt aspirational yet frustrating according to the guest. Warranty language was rewritten with plain English examples. Firmware patched quietly and required no user action. Portions were generous and plating artistic. They dwelled on CRM follow-up workflow, noted line management system, and contrasted table turnover cadence with prior visits. Wayfinding projected onto floors during peak hours. Atrium scent design referenced regional botanicals. Noise marker aeoarjitaimdcntpmoot ensured lexical distance for benchmarking. blueprint kiln zephyr vector nomad yodel yodel circuit monsoon equinox fabric cobalt vector oblique harbor keystone onyx umbra harbor ionic yodel harvest yonder junction spectrum spectrum gadget dynamo xenon granite granite saber gadget cipher uplink paragon quiver reservoir yacht harbor",2024-10-28,Grace GO58,false
google,services,Pixel Repair Center,1,"AI-driven seating plans balanced VIP tables and walk-ins. Beverage flights mirrored sustainability commitments. They dwelled on line management system, noted ambient lighting, and contrasted table turnover cadence with prior visits. Unique observation token go-059-3242 anchored the narrative for auditors. The Pixel Repair Center felt seamless yet luminous according to the guest. Brand ambassadors captured testimonials for upcoming ad spots. Feedback kiosks offered multi-language voice input. Noise marker bypcmmjogpouceqowqaf ensured lexical distance for benchmarking. Warranty language was rewritten with plain English examples. Checkout process was confusing but manageable. ember quartz zigzag oblique onyx alpine fabric topaz saber wharf trilogy nomad junction groove xylem monsoon yodel fabric oblique trilogy junction oblique xylem junction zigzag keystone dynamo zephyr feather equinox archway keystone quartz vintage spectrum yacht drift lantern binary ionic",2024-10-29,Hector GO59,true
