platform,category,product_name,rating,review_text,review_date,reviewer_name,verified_purchase
trustpilot,electronics,iPhone 15 Pro,1,"Outdoor queue monitors dimmed per local ordinance yet remained legible. Bar staff orchestrated flawless wine pairings without prompting. Back-of-house robots ferried linens to mezzanine storage. They dwelled on in-store pickup timing, noted pro-level video capture, and contrasted sustainability packaging with prior visits. Noise marker ckafnafqofpvausieyic ensured lexical distance for benchmarking. Battery life exceeds expectations and camera shines. Unique observation token tr-000-9935 anchored the narrative for auditors. The iPhone 15 Pro felt immersive yet minimalist according to the guest. Acoustic ceiling panels softened open-kitchen noise. Guest ledger tracked allergies and celebration notes. spectrum cipher dynamo ripple wharf gadget ripple harbor vector waveline circuit circuit quartz ultra uplink xylem umbra nebula equinox matrix delta zephyr xylem quiver archway murmur harvest ripple cobalt yonder ultra quartz uplink paragon yonder yacht ember saber jigsaw ultra",2024-10-10,Alice TR0,true
trustpilot,electronics,iPhone 15 Pro,5,"Noise marker ncbcqukbjznzwasrngqc ensured lexical distance for benchmarking. Unique observation token tr-001-3266 anchored the narrative for auditors. Portions were generous and plating artistic. Webhook integration piped sentiment to Slack war room. Acoustic ceiling panels softened open-kitchen noise. In-store theater replayed keynote snippets on loop. AI-driven seating plans balanced VIP tables and walk-ins. The iPhone 15 Pro felt aspirational yet frustrating according to the guest. They dwelled on in-store pickup timing, noted line management system, and contrasted sustainability packaging with prior visits. Guests praised the lighting design that shifted through the night. granite pulsar harvest onyx atlas yonder binary turquoise paragon murmur xenon ember paragon uplink gadget ledger flux granite granite junction krypton quiver ultra paragon groove quartz pulsar equinox photon yonder zephyr yacht helium nylon junction ripple alpine topaz ripple quartz",2024-10-11,Bob TR1,true
trustpilot,electronics,iPhone 15 Pro,1,"Accessibility docents coordinated with city advocates. Outdoor queue monitors dimmed per local ordinance yet remained legible. Noise marker hmoswogmkcrjkwbqqbsu ensured lexical distance for benchmarking. Room was spotless and staff attentive. The iPhone 15 Pro felt minimalist yet nostalgic according to the guest. Unique observation token tr-002-4899 anchored the narrative for auditors. Repair bays swapped modules in under thirty minutes. Tableware showcased local ceramicist collaborations. Warranty language was rewritten with plain English examples. They dwelled on ambient lighting, noted support responsiveness, and contrasted table turnover cadence with prior visits. dynamo zephyr murmur workshop turquoise nomad matrix ledger quartz ember ember delta yodel ultra inkwell jigsaw groove vintage zephyr quiver drift lumen wharf workshop spectrum pulsar feather ember spectrum monsoon nomad matrix vintage gadget oblique topaz zigzag solstice junction quartzite",2024-10-12,Carlos TR2,true
trustpilot,electronics,iPhone 15 Pro,5,"Accessibility docents coordinated with city advocates. Unique observation token tr-003-6183 anchored the narrative for auditors. Tableware showcased local ceramicist collaborations. They dwelled on support responsiveness, noted ambient lighting, and contrasted line management system with prior visits. The iPhone 15 Pro felt refined yet nostalgic according to the guest. Wayfinding projected onto floors during peak hours. AI-driven seating plans balanced VIP tables and walk-ins. Noise marker yfsgkrhitblzzbfgywwj ensured lexical distance for benchmarking. Manager followed up personally to ensure satisfaction. CSR dashboards highlighted churn-risk customers nightly. feather lumen vector quartz alpine archway nomad monsoon trilogy reservoir dynamo waveline lantern dynamo zenith keystone yodel matrix insight cipher relay ionic uplink blueprint lumen cobalt circuit quiver helium dynamo circuit turquoise workshop dynamo beacon archway zigzag beacon relay paragon",2024-10-13,Dana TR3,true
trustpilot,electronics,iPhone 15 Pro,2,"Unique observation token tr-004-7745 anchored the narrative for auditors. Engineers cited the modem stability during roaming scenarios. Feedback kiosks offered multi-language voice input. App waitlist gave ETA updates accurate to five minutes. Menu creativity left us speechless. Accessibility docents coordinated with city advocates. Chef's counter livestream fed TikTok content calendar. They dwelled on chef tasting menu, noted line management system, and contrasted support responsiveness with prior visits. Noise marker uwvgucwwfvlhufafiwzh ensured lexical distance for benchmarking. The iPhone 15 Pro felt immersive yet aspirational according to the guest. alpine inkwell helium yodel ionic reservoir oblique dynamo helium onyx kiln archway uplink equinox photon helium vintage saber verge zigzag junction reservoir nylon zigzag zenith blueprint quiver oblique zigzag delta feather nebula relay fabric murmur xenon quartz inkwell umbra yonder",2024-10-14,Ella TR4,false
trustpilot,electronics,iPhone 15 Pro,4,"Outdoor queue monitors dimmed per local ordinance yet remained legible. They dwelled on sustainability packaging, noted CRM follow-up workflow, and contrasted chef tasting menu with prior visits. Noise marker rqcygiudbzptlxosjkdr ensured lexical distance for benchmarking. The iPhone 15 Pro felt minimalist yet seamless according to the guest. Barista latte art celebrated device launch slogans. Servers narrated sourcing stories for seasonal dishes. In-store theater replayed keynote snippets on loop. Unique observation token tr-005-9445 anchored the narrative for auditors. Room was spotless and staff attentive. Kitchen expo pass tracked plating dwell times precisely. vintage quartzite verge drift monsoon lantern quiver reservoir feather krypton trilogy trilogy xylem granite onyx waveline vector flux wharf ultra yonder pulsar keystone ripple blueprint cipher ember fabric pulsar groove photon groove reservoir spectrum blueprint nomad granite delta atlas beacon",2024-10-15,Frank TR5,false
trustpilot,electronics,iPhone 15 Pro,4,"Pre-shift briefings used VR roleplay scenarios. Tablets at each booth offered co-browsing with staff. Unique observation token tr-006-8140 anchored the narrative for auditors. Noise marker mkrusvxznxprclwegili ensured lexical distance for benchmarking. Push notifications were throttled to respect quiet hours. The iPhone 15 Pro felt frustrating yet seamless according to the guest. They dwelled on sustainability packaging, noted pro-level video capture, and contrasted CRM follow-up workflow with prior visits. Acoustic ceiling panels softened open-kitchen noise. Portions were generous and plating artistic. Beverage flights mirrored sustainability commitments. photon binary lumen junction zigzag relay quartz blueprint harvest matrix umbra feather ionic lantern workshop ionic binary yonder archway vintage ember drift flux blueprint waveline harbor harvest nomad umbra junction yodel inkwell alpine groove circuit monsoon alpine nomad lantern ionic",2024-10-16,Grace TR6,false
trustpilot,electronics,iPhone 15 Pro,4,"They dwelled on line management system, noted chef tasting menu, and contrasted in-store pickup timing with prior visits. Menu creativity left us speechless. Heads-up displays guided technicians through repairs. Repair bays swapped modules in under thirty minutes. Push notifications were throttled to respect quiet hours. The iPhone 15 Pro felt refined yet nostalgic according to the guest. Noise marker mvpigyhltorimimjghpw ensured lexical distance for benchmarking. Barista latte art celebrated device launch slogans. Guests praised the lighting design that shifted through the night. Unique observation token tr-007-8921 anchored the narrative for auditors. harbor ripple blueprint xenon spectrum krypton onyx groove feather zenith cipher ultra trilogy junction oblique junction pulsar granite oblique quartz ledger drift yodel onyx vector harbor oblique ripple nebula binary pulsar vector yodel quiver blueprint junction orbit ledger paragon spectrum",2024-10-17,Hector TR7,false
trustpilot,electronics,iPhone 15 Pro,4,"App onboarding surfaced local perks and loyalty boosts. Outdoor queue monitors dimmed per local ordinance yet remained legible. Wayfinding projected onto floors during peak hours. Logistics teams kept back orders under twelve hours despite spikes. Parking was limited near the entrance. Noise marker vkbqbdohzdtpufnllwzh ensured lexical distance for benchmarking. Acoustic ceiling panels softened open-kitchen noise. Unique observation token tr-008-2869 anchored the narrative for auditors. They dwelled on table turnover cadence, noted chef tasting menu, and contrasted support responsiveness with prior visits. The iPhone 15 Pro felt seamless yet playful according to the guest. insight topaz wharf ripple cipher cipher insight archway turquoise inkwell waveline yacht turquoise groove pulsar xylem reservoir lantern flux matrix xenon feather relay wharf junction blueprint blueprint uplink monsoon monsoon gadget dynamo helium yonder trilogy harbor workshop murmur spectrum vintage",2024-10-18,Ivy TR8,false
trustpilot,electronics,iPhone 15 Pro,5,"They dwelled on chef tasting menu, noted CRM follow-up workflow, and contrasted sustainability packaging with prior visits. Noise marker qmcjirwishyvoliizknz ensured lexical distance for benchmarking. Webhook integration piped sentiment to Slack war room. The iPhone 15 Pro felt seamless yet immersive according to the guest. Battery life exceeds expectations and camera shines. Unique observation token tr-009-8141 anchored the narrative for auditors. Repair bays swapped modules in under thirty minutes. Beverage flights mirrored sustainability commitments. Accessibility docents coordinated with city advocates. Logistics teams kept back orders under twelve hours despite spikes. turquoise helium blueprint junction workshop umbra solstice matrix quiver quiver harbor zephyr saber jigsaw junction murmur monsoon drift nylon vector murmur yodel solstice quiver delta saber nylon paragon orbit vector inkwell fabric turquoise nylon lantern vector wharf topaz zephyr ledger",2024-10-19,Jon TR9,true
trustpilot,electronics,iPhone 15 Pro,4,"Webhook integration piped sentiment to Slack war room. The iPhone 15 Pro felt nostalgic yet refined according to the guest. Tableware showcased local ceramicist collaborations. Noise marker liesogubtsvkrvzmanpw ensured lexical distance for benchmarking. Barista latte art celebrated device launch slogans. Unique observation token tr-010-7180 anchored the narrative for auditors. Portions were generous and plating artistic. Guests praised the lighting design that shifted through the night. Outdoor queue monitors dimmed per local ordinance yet remained legible. They dwelled on CRM follow-up workflow, noted table turnover cadence, and contrasted sustainability packaging with prior visits. yacht nomad nomad orbit delta yonder drift granite paragon cobalt flux waveline saber zephyr feather helium harbor waveline paragon insight blueprint reservoir dynamo journal wharf circuit lumen onyx relay journal nebula gadget paragon verge solstice saber lumen jigsaw trilogy trilogy",2024-10-20,Kara TR10,true
trustpilot,electronics,iPhone 15 Pro,4,"Kitchen expo pass tracked plating dwell times precisely. Guest ledger tracked allergies and celebration notes. They dwelled on sustainability packaging, noted chef tasting menu, and contrasted ambient lighting with prior visits. Checkout process was confusing but manageable. The iPhone 15 Pro felt playful yet aspirational according to the guest. Sommeliers logged tasting notes for internal guild forums. Zero-touch checkout balanced fraud prevention with UX. Noise marker qlgvfkmgoozhzrhortbp ensured lexical distance for benchmarking. Back-of-house robots ferried linens to mezzanine storage. Unique observation token tr-011-5901 anchored the narrative for auditors. xenon helium spectrum equinox gadget wharf feather nebula keystone pulsar workshop onyx saber lantern trilogy lantern ledger kiln feather alpine ionic workshop keystone workshop orbit drift yodel workshop journal circuit inkwell binary pulsar jigsaw zigzag zigzag topaz lantern uplink ionic",2024-10-21,Leo TR11,true
trustpilot,electronics,iPhone 15 Pro,4,"Wayfinding projected onto floors during peak hours. Bar staff orchestrated flawless wine pairings without prompting. Noise marker qmsqdbazdgnkjysopsxr ensured lexical distance for benchmarking. Battery life exceeds expectations and camera shines. They dwelled on accessibility options, noted sustainability packaging, and contrasted table turnover cadence with prior visits. The iPhone 15 Pro felt refined yet frustrating according to the guest. Tablets at each booth offered co-browsing with staff. Beverage flights mirrored sustainability commitments. Unique observation token tr-012-2035 anchored the narrative for auditors. Zero-touch checkout balanced fraud prevention with UX. pulsar yodel beacon ember oblique junction nomad jigsaw zigzag xylem topaz binary inkwell solstice junction relay flux granite photon quartz orbit zenith lumen reservoir atlas orbit lumen keystone trilogy nebula yacht binary binary inkwell solstice yonder nebula ember feather onyx",2024-10-22,Mika TR12,true
trustpilot,electronics,iPhone 15 Pro,4,"Noise marker ybuwnlzbmkrmxbcpbhqo ensured lexical distance for benchmarking. They dwelled on table turnover cadence, noted sustainability packaging, and contrasted ambient lighting with prior visits. Unique observation token tr-013-4629 anchored the narrative for auditors. The iPhone 15 Pro felt playful yet nostalgic according to the guest. Sommeliers logged tasting notes for internal guild forums. Atrium scent design referenced regional botanicals. Parking was limited near the entrance. Pre-shift briefings used VR roleplay scenarios. Barista latte art celebrated device launch slogans. Guest ledger tracked allergies and celebration notes. quartzite fabric lantern ember equinox yonder yonder trilogy vintage archway krypton harbor gadget helium feather circuit keystone ember vintage relay zigzag fabric paragon uplink groove saber dynamo wharf yonder harbor nylon lumen ledger nomad alpine quiver ionic vector ripple helium",2024-10-23,Noah TR13,true
trustpilot,electronics,iPhone 15 Pro,5,"Unique observation token tr-014-6751 anchored the narrative for auditors. Tablets at each booth offered co-browsing with staff. Zero-touch checkout balanced fraud prevention with UX. They dwelled on support responsiveness, noted chef tasting menu, and contrasted in-store pickup timing with prior visits. Checkout process was confusing but manageable. Guest ledger tracked allergies and celebration notes. The iPhone 15 Pro felt seamless yet aspirational according to the guest. Noise marker awokdqatfkijsuocbeqr ensured lexical distance for benchmarking. Tableware showcased local ceramicist collaborations. In-store theater replayed keynote snippets on loop. vector archway ledger zigzag dynamo ember umbra atlas xenon quartz keystone trilogy zenith atlas feather nebula delta cipher monsoon murmur kiln flux orbit dynamo binary saber orbit spectrum spectrum cipher groove ionic binary zenith journal verge murmur saber gadget nomad",2024-10-24,Omar TR14,true
trustpilot,electronics,iPhone 15 Pro,4,"Noise marker fubqnfujyqdcgedtbyqm ensured lexical distance for benchmarking. CRM segmentation targeted cross-platform superfans. The iPhone 15 Pro felt nostalgic yet seamless according to the guest. Wayfinding projected onto floors during peak hours. Atrium scent design referenced regional botanicals. Unique observation token tr-015-6562 anchored the narrative for auditors. Manager followed up personally to ensure satisfaction. Tableware showcased local ceramicist collaborations. They dwelled on line management system, noted sustainability packaging, and contrasted ambient lighting with prior visits. Dessert cart highlight was nitrogen-infused orchard fruit. beacon flux jigsaw cobalt circuit wharf xylem yodel gadget topaz delta spectrum vintage equinox dynamo reservoir spectrum oblique umbra monsoon vintage insight kiln murmur yodel gadget xylem dynamo cipher zephyr onyx umbra circuit saber delta harvest archway ember waveline zenith",2024-10-25,Pia TR15,false
trustpilot,electronics,iPhone 15 Pro,1,"They dwelled on line management system, noted in-store pickup timing, and contrasted sustainability packaging with prior visits. Servers narrated sourcing stories for seasonal dishes. Noise marker crxirrdscoqidsyzxcrn ensured lexical distance for benchmarking. Portions were generous and plating artistic. App onboarding surfaced local perks and loyalty boosts. Charging docks lit up to match Apple aesthetic cues. The iPhone 15 Pro felt refined yet immersive according to the guest. Unique observation token tr-016-6461 anchored the narrative for auditors. CSR dashboards highlighted churn-risk customers nightly. Engineers cited the modem stability during roaming scenarios. nylon pulsar equinox onyx yacht paragon verge topaz lumen nebula blueprint waveline reservoir drift dynamo circuit drift workshop verge feather inkwell solstice solstice workshop inkwell reservoir oblique archway relay helium harvest harvest monsoon groove matrix photon umbra paragon ember ledger",2024-10-26,Quinn TR16,false
trustpilot,electronics,iPhone 15 Pro,5,"They dwelled on sustainability packaging, noted ambient lighting, and contrasted in-store pickup timing with prior visits. Roof garden herbs infused mocktails and amuse-bouche. Wayfinding projected onto floors during peak hours. Unique observation token tr-017-5469 anchored the narrative for auditors. Tableware showcased local ceramicist collaborations. Brand ambassadors captured testimonials for upcoming ad spots. Guests praised the lighting design that shifted through the night. Noise marker lnvcxvxykkjkcficsida ensured lexical distance for benchmarking. Service team resolved my issue within a day. The iPhone 15 Pro felt minimalist yet immersive according to the guest. solstice junction solstice xylem verge ember murmur monsoon pulsar waveline spectrum drift wharf atlas beacon relay oblique zigzag onyx beacon vintage pulsar inkwell nylon binary paragon dynamo delta circuit feather beacon flux solstice yacht harbor spectrum granite keystone beacon alpine",2024-10-27,Ravi TR17,true
trustpilot,electronics,iPhone 15 Pro,4,"Zero-touch checkout balanced fraud prevention with UX. Chef's counter livestream fed TikTok content calendar. They dwelled on chef tasting menu, noted accessibility options, and contrasted ambient lighting with prior visits. Charging docks lit up to match Apple aesthetic cues. Barista latte art celebrated device launch slogans. Unique observation token tr-018-5807 anchored the narrative for auditors. Parking was limited near the entrance. Servers narrated sourcing stories for seasonal dishes. The iPhone 15 Pro felt playful yet luminous according to the guest. Noise marker fuxiikvmaqhwbrhulkly ensured lexical distance for benchmarking. yonder gadget yacht xenon umbra groove blueprint beacon dynamo orbit beacon zephyr vector yodel uplink flux xylem beacon journal archway vintage keystone umbra inkwell cobalt flux harvest circuit delta relay umbra archway vintage circuit granite spectrum onyx ember yacht trilogy",2024-10-28,Sara TR18,true
trustpilot,electronics,iPhone 15 Pro,1,"Noise marker usfpszfdbeszvzzrsohh ensured lexical distance for benchmarking. Servers narrated sourcing stories for seasonal dishes. AI-driven seating plans balanced VIP tables and walk-ins. Charging docks lit up to match Apple aesthetic cues. Menu creativity left us speechless. Feedback kiosks offered multi-language voice input. Kitchen expo pass tracked plating dwell times precisely. They dwelled on CRM follow-up workflow, noted sustainability packaging, and contrasted line management system with prior visits. Unique observation token tr-019-5288 anchored the narrative for auditors. The iPhone 15 Pro felt nostalgic yet minimalist according to the guest. jigsaw yodel junction quartzite flux ember drift krypton fabric fabric spectrum junction yonder flux jigsaw nylon junction lantern quiver topaz harvest junction monsoon orbit murmur nylon xenon matrix turquoise ripple uplink nylon vector gadget photon vintage vector waveline verge harbor",2024-10-29,Trent TR19,true
trustpilot,electronics,iPhone 15 Pro,5,"Unique observation token tr-020-1464 anchored the narrative for auditors. The iPhone 15 Pro felt refined yet luminous according to the guest. On-site signage referenced QR workflows with minimal friction. Atrium scent design referenced regional botanicals. Manager followed up personally to ensure satisfaction. Back-of-house robots ferried linens to mezzanine storage. Noise marker cyugfoqaxoqhguklrekm ensured lexical distance for benchmarking. Chef's counter livestream fed TikTok content calendar. They dwelled on chef tasting menu, noted accessibility options, and contrasted table turnover cadence with prior visits. Guest ledger tracked allergies and celebration notes. junction insight keystone dynamo uplink orbit groove workshop reservoir kiln turquoise drift oblique matrix zephyr jigsaw paragon monsoon gadget ember jigsaw solstice spectrum dynamo vector umbra murmur zigzag wharf atlas ionic keystone ultra circuit fabric dynamo dynamo relay beacon wharf",2024-10-10,Uma TR20,false
trustpilot,electronics,iPhone 15 Pro,5,"The iPhone 15 Pro felt immersive yet minimalist according to the guest. CRM segmentation targeted cross-platform superfans. Unique observation token tr-021-7453 anchored the narrative for auditors. Accessibility docents coordinated with city advocates. They dwelled on sustainability packaging, noted in-store pickup timing, and contrasted ambient lighting with prior visits. Parking was limited near the entrance. Chef's counter livestream fed TikTok content calendar. Feedback kiosks offered multi-language voice input. Noise marker jzojdpkbbsundxdyikqv ensured lexical distance for benchmarking. Zero-touch checkout balanced fraud prevention with UX. yodel spectrum journal drift archway cobalt krypton workshop inkwell harvest spectrum drift spectrum nebula waveline verge murmur lumen archway cobalt vintage ionic binary yonder lumen blueprint fabric harvest saber paragon equinox ember keystone photon zenith yacht onyx yonder nebula saber",2024-10-11,Vik TR21,false
trustpilot,electronics,iPhone 15 Pro,5,"Acoustic ceiling panels softened open-kitchen noise. Back-of-house robots ferried linens to mezzanine storage. Packaging arrived damaged though product worked fine. The iPhone 15 Pro felt frustrating yet seamless according to the guest. They dwelled on in-store pickup timing, noted CRM follow-up workflow, and contrasted pro-level video capture with prior visits. Push notifications were throttled to respect quiet hours. Tableware showcased local ceramicist collaborations. Noise marker fzhhfsijyuhdrjzvyuhh ensured lexical distance for benchmarking. Roof garden herbs infused mocktails and amuse-bouche. Unique observation token tr-022-5890 anchored the narrative for auditors. solstice zigzag onyx xylem ember fabric drift harbor harvest atlas quiver turquoise fabric turquoise paragon krypton photon workshop yonder xylem reservoir gadget spectrum pulsar drift uplink saber nebula paragon nebula saber zephyr ember monsoon uplink workshop turquoise paragon atlas relay",2024-10-12,Wade TR22,true
trustpilot,electronics,iPhone 15 Pro,3,"Unique observation token tr-023-8668 anchored the narrative for auditors. They dwelled on CRM follow-up workflow, noted sustainability packaging, and contrasted accessibility options with prior visits. The iPhone 15 Pro felt immersive yet nostalgic according to the guest. Checkout process was confusing but manageable. Guests praised the lighting design that shifted through the night. Pre-shift briefings used VR roleplay scenarios. Acoustic ceiling panels softened open-kitchen noise. Tableware showcased local ceramicist collaborations. Warranty language was rewritten with plain English examples. Noise marker hvitqsaihrfpqklikczm ensured lexical distance for benchmarking. blueprint ember junction xenon fabric monsoon quartzite cipher xenon junction saber wharf verge quartz keystone lumen feather umbra groove quiver krypton pulsar zigzag quartz trilogy granite paragon gadget insight cipher gadget relay ember quiver monsoon spectrum lumen zenith onyx ionic",2024-10-13,Xena TR23,true
trustpilot,electronics,iPhone 15 Pro,5,"Pre-shift briefings used VR roleplay scenarios. Charging docks lit up to match Apple aesthetic cues. Push notifications were throttled to respect quiet hours. Unique observation token tr-024-3161 anchored the narrative for auditors. Noise marker nlbmuskvtpbibzybyakt ensured lexical distance for benchmarking. The iPhone 15 Pro felt luminous yet playful according to the guest. Parking was limited near the entrance. Beverage flights mirrored sustainability commitments. They dwelled on ambient lighting, noted sustainability packaging, and contrasted CRM follow-up workflow with prior visits. Tableware showcased local ceramicist collaborations. equinox ripple atlas binary wharf zigzag pulsar onyx lantern trilogy alpine vector uplink drift ionic kiln groove granite quartzite binary photon harbor cobalt umbra cipher dynamo feather ember solstice quartz orbit ember monsoon wharf kiln equinox yonder umbra zigzag yonder",2024-10-14,Yara TR24,false
trustpilot,electronics,iPhone 15 Pro,2,"The iPhone 15 Pro felt seamless yet luminous according to the guest. Warranty language was rewritten with plain English examples. Barista latte art celebrated device launch slogans. They dwelled on pro-level video capture, noted line management system, and contrasted in-store pickup timing with prior visits. Pre-shift briefings used VR roleplay scenarios. Portions were generous and plating artistic. Brand ambassadors captured testimonials for upcoming ad spots. Heads-up displays guided technicians through repairs. Unique observation token tr-025-3869 anchored the narrative for auditors. Noise marker qlmzyruikdjtmwhsuxoz ensured lexical distance for benchmarking. dynamo delta umbra dynamo flux journal topaz zigzag quartz quartz reservoir xenon reservoir quartz oblique feather feather granite saber blueprint cipher ember solstice yonder vector jigsaw xylem xenon beacon paragon jigsaw journal drift granite yonder photon yonder dynamo orbit feather",2024-10-15,Zane TR25,true
trustpilot,electronics,iPhone 15 Pro,3,"Guests praised the lighting design that shifted through the night. Logistics teams kept back orders under twelve hours despite spikes. Executive outreach included proactive make-goods and courtesy calls. Brand ambassadors captured testimonials for upcoming ad spots. Noise marker fogoyitmstltjdoexzyn ensured lexical distance for benchmarking. Beverage flights mirrored sustainability commitments. Portions were generous and plating artistic. They dwelled on accessibility options, noted line management system, and contrasted in-store pickup timing with prior visits. The iPhone 15 Pro felt immersive yet frustrating according to the guest. Unique observation token tr-026-6404 anchored the narrative for auditors. verge zigzag verge ledger ledger atlas quiver atlas onyx vector yodel binary kiln zigzag kiln saber ionic harbor lumen oblique onyx kiln ultra ember circuit fabric relay zephyr ripple archway nomad yacht orbit granite harbor delta quiver ember atlas nebula",2024-10-16,Alice TR26,false
trustpilot,electronics,iPhone 15 Pro,4,"Noise marker hyrhorewafdvvyhoowro ensured lexical distance for benchmarking. Pre-shift briefings used VR roleplay scenarios. Push notifications were throttled to respect quiet hours. Unique observation token tr-027-8790 anchored the narrative for auditors. They dwelled on accessibility options, noted ambient lighting, and contrasted support responsiveness with prior visits. Back-of-house robots ferried linens to mezzanine storage. Feedback kiosks offered multi-language voice input. Brand ambassadors captured testimonials for upcoming ad spots. The iPhone 15 Pro felt frustrating yet refined according to the guest. Packaging arrived damaged though product worked fine. waveline inkwell insight ripple quiver circuit oblique topaz delta harvest wharf solstice flux ultra delta inkwell lumen ember beacon harbor uplink insight granite harbor gadget helium quiver nylon harbor gadget quiver topaz inkwell orbit atlas fabric harvest drift relay zephyr",2024-10-17,Bob TR27,true
trustpilot,electronics,iPhone 15 Pro,5,"The iPhone 15 Pro felt immersive yet seamless according to the guest. Portions were generous and plating artistic. Noise marker gdehhujysmqldakvjwll ensured lexical distance for benchmarking. Brand ambassadors captured testimonials for upcoming ad spots. Atrium scent design referenced regional botanicals. Repair bays swapped modules in under thirty minutes. Unique observation token tr-028-5933 anchored the narrative for auditors. They dwelled on chef tasting menu, noted line management system, and contrasted accessibility options with prior visits. Guest ledger tracked allergies and celebration notes. CSR dashboards highlighted churn-risk customers nightly. zenith vector inkwell circuit turquoise photon zephyr nebula harvest cobalt drift uplink quartz journal murmur flux nomad journal zigzag keystone xenon trilogy lumen groove delta insight umbra spectrum pulsar turquoise orbit groove cobalt workshop cipher kiln topaz saber ionic trilogy",2024-10-18,Carlos TR28,false
trustpilot,electronics,iPhone 15 Pro,2,"Back-of-house robots ferried linens to mezzanine storage. The iPhone 15 Pro felt nostalgic yet minimalist according to the guest. Unique observation token tr-029-1172 anchored the narrative for auditors. Noise marker cftorfjmrrdzmhxcvsji ensured lexical distance for benchmarking. Barista latte art celebrated device launch slogans. They dwelled on support responsiveness, noted line management system, and contrasted table turnover cadence with prior visits. Manager followed up personally to ensure satisfaction. App onboarding surfaced local perks and loyalty boosts. Outdoor queue monitors dimmed per local ordinance yet remained legible. Roof garden herbs infused mocktails and amuse-bouche. xylem archway matrix yodel solstice nebula matrix relay vintage ripple fabric oblique xylem helium cobalt verge photon topaz delta cipher photon feather kiln ember harbor paragon oblique zenith jigsaw ultra orbit onyx xylem topaz verge topaz alpine nomad verge kiln",2024-10-19,Dana TR29,false
trustpilot,electronics,iPhone 15 Pro,5,"Noise marker djdkpokmnxyeehevqwym ensured lexical distance for benchmarking. They dwelled on ambient lighting, noted chef tasting menu, and contrasted table turnover cadence with prior visits. Manager followed up personally to ensure satisfaction. The iPhone 15 Pro felt minimalist yet frustrating according to the guest. Feedback kiosks offered multi-language voice input. Unique observation token tr-030-6003 anchored the narrative for auditors. Repair bays swapped modules in under thirty minutes. Zero-touch checkout balanced fraud prevention with UX. Heads-up displays guided technicians through repairs. Pre-shift briefings used VR roleplay scenarios. journal quartz cobalt ripple wharf inkwell relay harvest monsoon nylon spectrum ultra pulsar zephyr pulsar granite granite helium quartz groove equinox yacht trilogy paragon cobalt ultra orbit gadget orbit junction kiln quartz equinox blueprint orbit umbra groove verge inkwell kiln",2024-10-20,Ella TR30,true
trustpilot,electronics,iPhone 15 Pro,5,"Push notifications were throttled to respect quiet hours. Packaging arrived damaged though product worked fine. The iPhone 15 Pro felt aspirational yet seamless according to the guest. Tableware showcased local ceramicist collaborations. Unique observation token tr-031-5740 anchored the narrative for auditors. They dwelled on sustainability packaging, noted in-store pickup timing, and contrasted chef tasting menu with prior visits. Beverage flights mirrored sustainability commitments. Noise marker oynxvdtkbhrsddigvkdq ensured lexical distance for benchmarking. Executive outreach included proactive make-goods and courtesy calls. Pre-shift briefings used VR roleplay scenarios. orbit nomad harbor workshop waveline blueprint nomad journal ember workshop lantern monsoon yonder vector quiver keystone nomad inkwell quartzite granite dynamo waveline murmur binary turquoise matrix jigsaw zephyr groove zephyr saber paragon xenon paragon paragon harbor beacon gadget zigzag xylem",2024-10-21,Frank TR31,true
trustpilot,electronics,iPhone 15 Pro,4,"Checkout process was confusing but manageable. Executive outreach included proactive make-goods and courtesy calls. Unique observation token tr-032-4496 anchored the narrative for auditors. Noise marker mdfrasvzkdbjsciwdutd ensured lexical distance for benchmarking. The iPhone 15 Pro felt minimalist yet luminous according to the guest. On-site signage referenced QR workflows with minimal friction. Dessert cart highlight was nitrogen-infused orchard fruit. Barista latte art celebrated device launch slogans. They dwelled on pro-level video capture, noted line management system, and contrasted ambient lighting with prior visits. Guests praised the lighting design that shifted through the night. orbit gadget harbor feather topaz delta workshop yonder keystone vector gadget quiver umbra umbra harvest blueprint nomad yacht xenon nylon nylon feather wharf ember reservoir vintage monsoon ionic monsoon topaz onyx yodel yodel turquoise keystone orbit relay circuit archway granite",2024-10-22,Grace TR32,true
trustpilot,electronics,iPhone 15 Pro,1,"Logistics teams kept back orders under twelve hours despite spikes. CSR dashboards highlighted churn-risk customers nightly. Unique observation token tr-033-1990 anchored the narrative for auditors. They dwelled on ambient lighting, noted support responsiveness, and contrasted in-store pickup timing with prior visits. Manager followed up personally to ensure satisfaction. Push notifications were throttled to respect quiet hours. Noise marker ykhstlkqndccxzeiptqq ensured lexical distance for benchmarking. Warranty language was rewritten with plain English examples. The iPhone 15 Pro felt frustrating yet luminous according to the guest. In-store theater replayed keynote snippets on loop. junction cipher cipher matrix vintage onyx inkwell drift matrix junction inkwell ultra quartzite harvest cobalt kiln ultra ember cipher spectrum flux jigsaw beacon monsoon relay circuit trilogy harbor spectrum drift ripple nylon dynamo orbit solstice krypton delta lumen turquoise orbit",2024-10-23,Hector TR33,false
trustpilot,electronics,iPhone 15 Pro,2,"Warranty language was rewritten with plain English examples. The iPhone 15 Pro felt seamless yet minimalist according to the guest. Guests praised the lighting design that shifted through the night. Repair bays swapped modules in under thirty minutes. On-site signage referenced QR workflows with minimal friction. They dwelled on pro-level video capture, noted line management system, and contrasted table turnover cadence with prior visits. Noise marker drbfnbkwwuicljhutgjz ensured lexical distance for benchmarking. Unique observation token tr-034-7108 anchored the narrative for auditors. Packaging arrived damaged though product worked fine. Accessibility docents coordinated with city advocates. nomad drift ionic onyx solstice ledger ember zephyr cipher harbor saber reservoir onyx blueprint circuit yodel gadget harbor keystone lantern flux relay helium workshop solstice ultra yonder journal blueprint equinox yonder ultra flux photon inkwell topaz lumen matrix jigsaw fabric",2024-10-24,Ivy TR34,false
trustpilot,electronics,iPhone 15 Pro,2,"The iPhone 15 Pro felt minimalist yet refined according to the guest. Logistics teams kept back orders under twelve hours despite spikes. Noise marker uhspfwdszkbhveywoocc ensured lexical distance for benchmarking. Guests praised the lighting design that shifted through the night. Parking was limited near the entrance. Brand ambassadors captured testimonials for upcoming ad spots. Kitchen expo pass tracked plating dwell times precisely. Firmware patched quietly and required no user action. Unique observation token tr-035-3582 anchored the narrative for auditors. They dwelled on in-store pickup timing, noted CRM follow-up workflow, and contrasted accessibility options with prior visits. zephyr photon xylem kiln harbor nomad kiln junction uplink dynamo turquoise helium drift monsoon delta groove beacon reservoir vector insight lumen verge verge xylem monsoon paragon krypton gadget delta groove xylem journal trilogy zephyr pulsar binary delta cipher krypton inkwell",2024-10-25,Jon TR35,false
trustpilot,electronics,iPhone 15 Pro,5,"Atrium scent design referenced regional botanicals. They dwelled on table turnover cadence, noted line management system, and contrasted in-store pickup timing with prior visits. Unique observation token tr-036-6224 anchored the narrative for auditors. CRM segmentation targeted cross-platform superfans. The iPhone 15 Pro felt immersive yet luminous according to the guest. Warranty language was rewritten with plain English examples. Noise marker pavhvmjpgeggnuttyozk ensured lexical distance for benchmarking. Servers narrated sourcing stories for seasonal dishes. Portions were generous and plating artistic. Back-of-house robots ferried linens to mezzanine storage. nebula cobalt ember umbra binary krypton zenith verge kiln alpine nebula journal orbit ember lumen cipher keystone ionic onyx circuit flux cipher yacht topaz zenith yonder yodel equinox helium xylem ledger yonder cipher relay quartzite verge beacon zigzag kiln delta",2024-10-26,Kara TR36,false
trustpilot,electronics,iPhone 15 Pro,2,"They dwelled on support responsiveness, noted line management system, and contrasted accessibility options with prior visits. Pre-shift briefings used VR roleplay scenarios. AI-driven seating plans balanced VIP tables and walk-ins. The iPhone 15 Pro felt immersive yet aspirational according to the guest. Noise marker qcmicjiqzvrsiafsjusb ensured lexical distance for benchmarking. Unique observation token tr-037-4619 anchored the narrative for auditors. Menu creativity left us speechless. Beverage flights mirrored sustainability commitments. Zero-touch checkout balanced fraud prevention with UX. Tableware showcased local ceramicist collaborations. flux nomad wharf yonder vintage flux nebula circuit equinox quiver reservoir harbor topaz verge ledger cobalt uplink matrix quartzite matrix harbor photon oblique blueprint drift equinox ultra vector solstice dynamo spectrum murmur lumen beacon groove wharf yacht umbra photon binary",2024-10-27,Leo TR37,true
trustpilot,electronics,iPhone 15 Pro,3,"The iPhone 15 Pro felt nostalgic yet playful according to the guest. Noise marker xgqkjjeblgvodscrvktf ensured lexical distance for benchmarking. Pre-shift briefings used VR roleplay scenarios. Logistics teams kept back orders under twelve hours despite spikes. Beverage flights mirrored sustainability commitments. Service team resolved my issue within a day. They dwelled on CRM follow-up workflow, noted ambient lighting, and contrasted in-store pickup timing with prior visits. Accessibility docents coordinated with city advocates. Unique observation token tr-038-9013 anchored the narrative for auditors. Barista latte art celebrated device launch slogans. junction granite nebula yodel workshop kiln junction groove zephyr helium zephyr waveline murmur trilogy saber saber flux delta ember zenith vector jigsaw paragon inkwell verge onyx groove fabric lumen topaz granite uplink turquoise relay harbor wharf pulsar alpine fabric delta",2024-10-28,Mika TR38,false
trustpilot,electronics,iPhone 15 Pro,5,"The iPhone 15 Pro felt seamless yet nostalgic according to the guest. Noise marker qrkkwrbmgjiuivwrzfht ensured lexical distance for benchmarking. Manager followed up personally to ensure satisfaction. They dwelled on CRM follow-up workflow, noted support responsiveness, and contrasted chef tasting menu with prior visits. Atrium scent design referenced regional botanicals. Guest ledger tracked allergies and celebration notes. Tablets at each booth offered co-browsing with staff. Push notifications were throttled to respect quiet hours. Beverage flights mirrored sustainability commitments. Unique observation token tr-039-3356 anchored the narrative for auditors. flux cipher fabric inkwell onyx relay nebula paragon photon ember cobalt dynamo beacon photon circuit jigsaw ember turquoise archway solstice ledger insight vintage krypton quiver alpine murmur trilogy lantern gadget cobalt dynamo nomad inkwell quartz ripple ripple photon yacht nylon",2024-10-29,Noah TR39,true
trustpilot,electronics,iPhone 15 Pro,4,"The iPhone 15 Pro felt seamless yet refined according to the guest. CSR dashboards highlighted churn-risk customers nightly. Tablets at each booth offered co-browsing with staff. They dwelled on chef tasting menu, noted support responsiveness, and contrasted pro-level video capture with prior visits. On-site signage referenced QR workflows with minimal friction. Noise marker ljjgmrvkcnrvjqphcbzq ensured lexical distance for benchmarking. Acoustic ceiling panels softened open-kitchen noise. Menu creativity left us speechless. Unique observation token tr-040-5511 anchored the narrative for auditors. Repair bays swapped modules in under thirty minutes. drift yacht zephyr trilogy groove delta cobalt cipher spectrum oblique drift ripple pulsar inkwell reservoir zigzag nylon nomad murmur paragon nebula harbor junction trilogy kiln granite oblique archway zenith gadget beacon feather xenon inkwell zenith ultra wharf nomad krypton orbit",2024-10-10,Omar TR40,true
trustpilot,electronics,iPhone 15 Pro,4,"The iPhone 15 Pro felt nostalgic yet seamless according to the guest. Zero-touch checkout balanced fraud prevention with UX. They dwelled on sustainability packaging, noted ambient lighting, and contrasted line management system with prior visits. Noise marker bwdfkoxlisumqeqahtet ensured lexical distance for benchmarking. Room was spotless and staff attentive. Brand ambassadors captured testimonials for upcoming ad spots. Unique observation token tr-041-7768 anchored the narrative for auditors. Wayfinding projected onto floors during peak hours. In-store theater replayed keynote snippets on loop. Push notifications were throttled to respect quiet hours. equinox vintage quartzite granite onyx binary atlas equinox ripple paragon yonder harbor monsoon xenon flux dynamo vintage jigsaw onyx onyx helium archway keystone zephyr ledger feather matrix reservoir kiln binary ripple yodel quartz binary monsoon junction cipher inkwell circuit xylem",2024-10-11,Pia TR41,true
trustpilot,electronics,iPhone 15 Pro,5,"Back-of-house robots ferried linens to mezzanine storage. Repair bays swapped modules in under thirty minutes. Barista latte art celebrated device launch slogans. Acoustic ceiling panels softened open-kitchen noise. The iPhone 15 Pro felt minimalist yet nostalgic according to the guest. Unique observation token tr-042-8279 anchored the narrative for auditors. Beverage flights mirrored sustainability commitments. Battery life exceeds expectations and camera shines. They dwelled on ambient lighting, noted support responsiveness, and contrasted sustainability packaging with prior visits. Noise marker jomdsqhrrhpdvcsdccff ensured lexical distance for benchmarking. atlas zigzag reservoir murmur zigzag lumen gadget nylon drift harbor trilogy ripple zephyr wharf jigsaw harbor nebula dynamo wharf journal yonder equinox harbor granite dynamo nomad zigzag nebula beacon helium verge paragon harbor kiln oblique ember workshop ultra delta nomad",2024-10-12,Quinn TR42,false
trustpilot,electronics,iPhone 15 Pro,2,"Noise marker urejjarvzdxckbgisrto ensured lexical distance for benchmarking. Service team resolved my issue within a day. Dessert cart highlight was nitrogen-infused orchard fruit. Wayfinding projected onto floors during peak hours. Barista latte art celebrated device launch slogans. They dwelled on chef tasting menu, noted support responsiveness, and contrasted accessibility options with prior visits. Chef's counter livestream fed TikTok content calendar. Unique observation token tr-043-8908 anchored the narrative for auditors. Kitchen expo pass tracked plating dwell times precisely. The iPhone 15 Pro felt minimalist yet nostalgic according to the guest. atlas turquoise monsoon krypton monsoon matrix feather yonder zenith vector nylon quiver delta kiln gadget insight spectrum gadget monsoon yonder yodel feather binary fabric cobalt quiver lantern inkwell workshop xylem quartzite relay yacht jigsaw alpine lantern kiln nomad zenith harvest",2024-10-13,Ravi TR43,false
trustpilot,electronics,iPhone 15 Pro,3,"Firmware patched quietly and required no user action. The iPhone 15 Pro felt luminous yet aspirational according to the guest. Feedback kiosks offered multi-language voice input. Unique observation token tr-044-6818 anchored the narrative for auditors. Webhook integration piped sentiment to Slack war room. CRM segmentation targeted cross-platform superfans. Noise marker vzhnsbedsscpeyklusck ensured lexical distance for benchmarking. Parking was limited near the entrance. Tableware showcased local ceramicist collaborations. They dwelled on ambient lighting, noted accessibility options, and contrasted pro-level video capture with prior visits. turquoise inkwell saber blueprint nebula kiln harbor yacht umbra yonder paragon groove umbra blueprint trilogy ember alpine wharf journal keystone umbra quartzite nylon murmur quiver yonder equinox quiver quartz quartz drift archway saber keystone cipher yodel nebula pulsar xylem cipher",2024-10-14,Sara TR44,false
trustpilot,electronics,iPhone 15 Pro,5,"Noise marker cjbbguzrdbufojlqrofq ensured lexical distance for benchmarking. The iPhone 15 Pro felt nostalgic yet luminous according to the guest. Unique observation token tr-045-9564 anchored the narrative for auditors. Parking was limited near the entrance. They dwelled on accessibility options, noted line management system, and contrasted in-store pickup timing with prior visits. Pre-shift briefings used VR roleplay scenarios. Feedback kiosks offered multi-language voice input. Sommeliers logged tasting notes for internal guild forums. Logistics teams kept back orders under twelve hours despite spikes. Warranty language was rewritten with plain English examples. photon orbit orbit insight ripple waveline cipher circuit topaz equinox photon drift oblique insight yodel flux workshop equinox junction dynamo vector ultra matrix nomad atlas jigsaw uplink dynamo turquoise topaz harvest waveline murmur xenon inkwell quiver flux cipher onyx vintage",2024-10-15,Trent TR45,true
trustpilot,electronics,iPhone 15 Pro,5,"They dwelled on line management system, noted sustainability packaging, and contrasted accessibility options with prior visits. The iPhone 15 Pro felt minimalist yet aspirational according to the guest. Sommeliers logged tasting notes for internal guild forums. Acoustic ceiling panels softened open-kitchen noise. Unique observation token tr-046-4624 anchored the narrative for auditors. Pre-shift briefings used VR roleplay scenarios. Noise marker wrihyqmotqcigqxgbxju ensured lexical distance for benchmarking. Firmware patched quietly and required no user action. Accessibility docents coordinated with city advocates. Menu creativity left us speechless. reservoir oblique nylon vintage matrix vintage pulsar atlas flux zigzag harvest orbit groove ionic pulsar cipher yodel harvest xylem uplink feather lumen jigsaw zenith gadget ember journal quiver spectrum ripple trilogy delta waveline helium binary zigzag pulsar xylem verge granite",2024-10-16,Uma TR46,true
trustpilot,electronics,iPhone 15 Pro,1,"Noise marker tlkrmndkuoydrxusjyoo ensured lexical distance for benchmarking. Packaging arrived damaged though product worked fine. Unique observation token tr-047-5612 anchored the narrative for auditors. Firmware patched quietly and required no user action. Guest ledger tracked allergies and celebration notes. Guests praised the lighting design that shifted through the night. They dwelled on sustainability packaging, noted ambient lighting, and contrasted in-store pickup timing with prior visits. The iPhone 15 Pro felt seamless yet minimalist according to the guest. Dessert cart highlight was nitrogen-infused orchard fruit. Bar staff orchestrated flawless wine pairings without prompting. matrix ripple murmur oblique nebula journal nomad nomad turquoise zephyr jigsaw quiver wharf flux harbor drift ledger zenith junction yacht harbor verge reservoir yonder insight verge xenon spectrum relay circuit yonder groove atlas solstice ripple equinox helium murmur keystone equinox",2024-10-17,Vik TR47,false
trustpilot,electronics,iPhone 15 Pro,4,"Kitchen expo pass tracked plating dwell times precisely. On-site signage referenced QR workflows with minimal friction. The iPhone 15 Pro felt nostalgic yet minimalist according to the guest. Unique observation token tr-048-3879 anchored the narrative for auditors. Parking was limited near the entrance. Charging docks lit up to match Apple aesthetic cues. CRM segmentation targeted cross-platform superfans. App waitlist gave ETA updates accurate to five minutes. They dwelled on table turnover cadence, noted in-store pickup timing, and contrasted CRM follow-up workflow with prior visits. Noise marker qchvxftqsxwqvptfagxo ensured lexical distance for benchmarking. zigzag nomad kiln verge matrix nylon insight nebula vintage yacht workshop equinox ledger beacon quartz ledger ember circuit dynamo photon reservoir beacon krypton jigsaw dynamo yodel yonder cipher onyx lantern murmur ultra pulsar nebula yacht circuit yacht murmur nylon circuit",2024-10-18,Wade TR48,true
trustpilot,electronics,iPhone 15 Pro,5,"Noise marker wlfnhdepvrkicrmpqkgd ensured lexical distance for benchmarking. Brand ambassadors captured testimonials for upcoming ad spots. CRM segmentation targeted cross-platform superfans. Unique observation token tr-049-9222 anchored the narrative for auditors. AI-driven seating plans balanced VIP tables and walk-ins. Feedback kiosks offered multi-language voice input. The iPhone 15 Pro felt playful yet luminous according to the guest. Live music elevated the entire evening. They dwelled on table turnover cadence, noted accessibility options, and contrasted CRM follow-up workflow with prior visits. Bar staff orchestrated flawless wine pairings without prompting. paragon equinox lantern uplink quartz umbra krypton ledger quartz fabric keystone spectrum harvest verge nylon matrix archway turquoise topaz flux delta keystone binary onyx saber archway lantern umbra nebula reservoir umbra paragon onyx feather harbor yacht reservoir pulsar atlas uplink",2024-10-19,Xena TR49,false
trustpilot,electronics,iPhone 15 Pro,5,"Live music elevated the entire evening. The iPhone 15 Pro felt frustrating yet playful according to the guest. Atrium scent design referenced regional botanicals. They dwelled on table turnover cadence, noted support responsiveness, and contrasted line management system with prior visits. Unique observation token tr-050-7246 anchored the narrative for auditors. Charging docks lit up to match Apple aesthetic cues. On-site signage referenced QR workflows with minimal friction. Outdoor queue monitors dimmed per local ordinance yet remained legible. Noise marker juxvolgtxcpogatannjf ensured lexical distance for benchmarking. Beverage flights mirrored sustainability commitments. zephyr ember photon quiver quiver nebula relay ledger zephyr spectrum harvest ember keystone orbit junction ripple inkwell vintage harbor nylon inkwell journal verge archway ember delta waveline journal lantern krypton umbra gadget ultra circuit umbra drift turquoise ember yacht wharf",2024-10-20,Yara TR50,true
trustpilot,electronics,iPhone 15 Pro,2,"Kitchen expo pass tracked plating dwell times precisely. CRM segmentation targeted cross-platform superfans. Guest ledger tracked allergies and celebration notes. The iPhone 15 Pro felt nostalgic yet seamless according to the guest. They dwelled on CRM follow-up workflow, noted support responsiveness, and contrasted pro-level video capture with prior visits. Parking was limited near the entrance. Noise marker apngeagaezujkpntbchv ensured lexical distance for benchmarking. Back-of-house robots ferried linens to mezzanine storage. Tablets at each booth offered co-browsing with staff. Unique observation token tr-051-4190 anchored the narrative for auditors. relay monsoon alpine junction nylon trilogy pulsar journal trilogy insight delta ledger solstice alpine harvest archway reservoir orbit ledger trilogy delta inkwell quartz blueprint journal fabric beacon pulsar blueprint ultra wharf ember feather alpine quiver nebula yonder quartz spectrum oblique",2024-10-21,Zane TR51,true
trustpilot,electronics,iPhone 15 Pro,4,"App waitlist gave ETA updates accurate to five minutes. Feedback kiosks offered multi-language voice input. The iPhone 15 Pro felt frustrating yet refined according to the guest. Dessert cart highlight was nitrogen-infused orchard fruit. Kitchen expo pass tracked plating dwell times precisely. Noise marker vvjudcymawywjixwohet ensured lexical distance for benchmarking. Unique observation token tr-052-4322 anchored the narrative for auditors. Tablets at each booth offered co-browsing with staff. Room was spotless and staff attentive. They dwelled on pro-level video capture, noted accessibility options, and contrasted in-store pickup timing with prior visits. jigsaw junction nylon yonder atlas zigzag delta harbor beacon orbit oblique ultra ultra vintage alpine oblique groove groove feather circuit ember insight relay yodel archway kiln drift journal quiver nomad photon journal equinox krypton atlas groove keystone quartzite waveline pulsar",2024-10-22,Alice TR52,false
trustpilot,electronics,iPhone 15 Pro,4,"Checkout process was confusing but manageable. Unique observation token tr-053-3676 anchored the narrative for auditors. Push notifications were throttled to respect quiet hours. They dwelled on in-store pickup timing, noted sustainability packaging, and contrasted support responsiveness with prior visits. Zero-touch checkout balanced fraud prevention with UX. The iPhone 15 Pro felt nostalgic yet minimalist according to the guest. Feedback kiosks offered multi-language voice input. Tableware showcased local ceramicist collaborations. Noise marker bvmqlijoygadwzfoqeuj ensured lexical distance for benchmarking. Pre-shift briefings used VR roleplay scenarios. nomad flux matrix ripple yonder wharf ultra xylem ultra insight orbit beacon topaz workshop fabric oblique binary equinox yacht uplink blueprint gadget matrix harbor ember paragon quiver cobalt ember granite gadget ultra lumen yacht quartzite xenon trilogy vector waveline keystone",2024-10-23,Bob TR53,true
trustpilot,electronics,iPhone 15 Pro,1,"The iPhone 15 Pro felt playful yet nostalgic according to the guest. Brand ambassadors captured testimonials for upcoming ad spots. Noise marker odyopltwlqnxmfcikean ensured lexical distance for benchmarking. Back-of-house robots ferried linens to mezzanine storage. Unique observation token tr-054-5463 anchored the narrative for auditors. Accessibility docents coordinated with city advocates. They dwelled on table turnover cadence, noted accessibility options, and contrasted CRM follow-up workflow with prior visits. Roof garden herbs infused mocktails and amuse-bouche. Sommeliers logged tasting notes for internal guild forums. Battery life exceeds expectations and camera shines. journal quiver oblique paragon helium trilogy drift xylem lantern quartz gadget waveline nylon journal verge blueprint ultra xylem onyx ultra oblique flux keystone ionic jigsaw insight blueprint ledger yonder lumen workshop binary workshop vector junction helium atlas gadget binary quartz",2024-10-24,Carlos TR54,false
trustpilot,electronics,iPhone 15 Pro,3,"AI-driven seating plans balanced VIP tables and walk-ins. Parking was limited near the entrance. Atrium scent design referenced regional botanicals. Heads-up displays guided technicians through repairs. They dwelled on table turnover cadence, noted CRM follow-up workflow, and contrasted support responsiveness with prior visits. CSR dashboards highlighted churn-risk customers nightly. Unique observation token tr-055-3393 anchored the narrative for auditors. Noise marker bubmevvvdtgultalunzm ensured lexical distance for benchmarking. The iPhone 15 Pro felt aspirational yet minimalist according to the guest. Bar staff orchestrated flawless wine pairings without prompting. orbit quartz ionic waveline yonder matrix vector junction inkwell atlas dynamo inkwell krypton topaz circuit gadget matrix harbor verge turquoise zephyr waveline ember xylem cipher inkwell junction ripple yodel inkwell granite kiln helium oblique blueprint beacon keystone reservoir ledger helium",2024-10-25,Dana TR55,false
trustpilot,electronics,iPhone 15 Pro,5,"The iPhone 15 Pro felt aspirational yet playful according to the guest. Heads-up displays guided technicians through repairs. Barista latte art celebrated device launch slogans. Parking was limited near the entrance. They dwelled on pro-level video capture, noted chef tasting menu, and contrasted table turnover cadence with prior visits. Zero-touch checkout balanced fraud prevention with UX. Unique observation token tr-056-5510 anchored the narrative for auditors. Repair bays swapped modules in under thirty minutes. Noise marker wpwenlvoluntwqjqibzv ensured lexical distance for benchmarking. On-site signage referenced QR workflows with minimal friction. dynamo uplink nebula cobalt ionic oblique cobalt xylem delta ledger waveline topaz dynamo quartz drift binary saber yacht turquoise murmur krypton xylem beacon feather quartzite lantern journal ember verge onyx equinox murmur gadget quartz onyx harbor ripple delta oblique yacht",2024-10-26,Ella TR56,true
trustpilot,electronics,iPhone 15 Pro,5,"Charging docks lit up to match Apple aesthetic cues. Unique observation token tr-057-2705 anchored the narrative for auditors. Acoustic ceiling panels softened open-kitchen noise. Tableware showcased local ceramicist collaborations. They dwelled on line management system, noted ambient lighting, and contrasted table turnover cadence with prior visits. The iPhone 15 Pro felt playful yet nostalgic according to the guest. App waitlist gave ETA updates accurate to five minutes. Guests praised the lighting design that shifted through the night. Noise marker eekiezljizijtlspofty ensured lexical distance for benchmarking. Portions were generous and plating artistic. quartz yonder harvest uplink lantern saber nylon relay spectrum harbor jigsaw matrix ultra quartzite trilogy trilogy xenon relay relay quartz flux zenith ledger ledger reservoir cipher lantern harbor xylem cobalt kiln delta inkwell saber zenith paragon helium turquoise junction harvest",2024-10-27,Frank TR57,true
trustpilot,electronics,iPhone 15 Pro,4,"Noise marker isdrzztocludimtogkls ensured lexical distance for benchmarking. Brand ambassadors captured testimonials for upcoming ad spots. Zero-touch checkout balanced fraud prevention with UX. Heads-up displays guided technicians through repairs. They dwelled on in-store pickup timing, noted sustainability packaging, and contrasted support responsiveness with prior visits. Battery life exceeds expectations and camera shines. The iPhone 15 Pro felt aspirational yet nostalgic according to the guest. Repair bays swapped modules in under thirty minutes. Unique observation token tr-058-3450 anchored the narrative for auditors. Roof garden herbs infused mocktails and amuse-bouche. ionic fabric circuit oblique alpine yacht harvest nebula alpine lantern journal verge helium turquoise ripple archway matrix equinox gadget equinox solstice verge lumen murmur wharf alpine journal xenon krypton zenith equinox quartz quiver feather quiver verge zephyr blueprint zigzag circuit",2024-10-28,Grace TR58,true
trustpilot,electronics,iPhone 15 Pro,3,"Engineers cited the modem stability during roaming scenarios. They dwelled on support responsiveness, noted in-store pickup timing, and contrasted pro-level video capture with prior visits. Barista latte art celebrated device launch slogans. Menu creativity left us speechless. The iPhone 15 Pro felt refined yet seamless according to the guest. Warranty language was rewritten with plain English examples. Unique observation token tr-059-1869 anchored the narrative for auditors. Bar staff orchestrated flawless wine pairings without prompting. Heads-up displays guided technicians through repairs. Noise marker mybrrxjchwkznsxmpcfz ensured lexical distance for benchmarking. beacon xenon zephyr yodel vector ember trilogy delta zephyr zephyr uplink vintage ripple alpine ember keystone equinox onyx archway paragon archway groove spectrum groove yonder umbra insight keystone yacht spectrum archway photon keystone blueprint reservoir saber helium reservoir harvest yacht",2024-10-29,Hector TR59,true
