platform,rating,review_text,review_date,product_name,category,reviewer_name,verified_purchase,word_count
trustpilot,5.0,"Absolutely love this product! The camera quality is stunning and takes professional-looking photos even in low light. Battery life is decent, lasting a full day with moderate use. The design is sleek and feels premium. Customer service was very helpful when I had questions. Highly recommend to anyone looking for a reliable phone.",2024-10-15,iPhone 15 Pro,electronics,Sarah M.,true,62
trustpilot,4.0,"Good phone overall. Camera is excellent and the new features are impressive. However, I expected better battery life for the price. The phone gets a bit warm during heavy gaming. Build quality is solid and the display is beautiful. Would recommend but with some reservations about the battery.",2024-10-18,iPhone 15 Pro,electronics,Mike T.,true,54
trustpilot,2.0,"Very disappointed with this purchase. The battery drains incredibly fast, barely lasting half a day. Customer service was unhelpful and dismissive of my concerns. The phone is also quite heavy compared to my previous model. Screen quality is good but that's about the only positive. Would not recommend at this price point.",2024-10-20,iPhone 15 Pro,electronics,Jessica L.,true,58
trustpilot,5.0,"Best phone I've ever owned! Everything works flawlessly. The camera takes amazing photos and videos. Battery lasts all day even with heavy use. The build quality feels premium and durable. Face ID works perfectly every time. Apple ecosystem integration is seamless. Worth every penny. Absolutely recommend this phone!",2024-10-22,iPhone 15 Pro,electronics,David K.,true,56
trustpilot,3.0,"It's an okay phone. Nothing groundbreaking compared to previous models. Camera is good but not exceptional. Battery life is average at best. The price is quite steep for what you get. Build quality is nice though. If you have last year's model, not worth upgrading. Wait for the next version.",2024-10-25,iPhone 15 Pro,electronics,Amanda R.,true,52
trustpilot,4.0,"Really enjoying this phone so far. The screen is gorgeous with vibrant colors. Camera system is versatile and produces great results. Battery could be better but manageable. The phone feels fast and responsive. Apple's customer support has been excellent. Only downside is the high price. Overall a solid choice for iPhone users.",2024-10-28,iPhone 15 Pro,electronics,Robert P.,true,57
trustpilot,1.0,"Worst purchase ever. Phone arrived with a defective screen. Customer service took weeks to respond. When they finally did, they refused to replace it. Battery life is terrible. Phone overheats constantly. Camera quality is mediocre. Save your money and look elsewhere. Extremely disappointed with Apple this time.",2024-11-01,iPhone 15 Pro,electronics,Emily W.,true,51
trustpilot,5.0,"Exceeded all my expectations! The camera is phenomenal, especially the night mode. Battery easily lasts through my busy days. The design is sleek and modern. Face ID is incredibly fast and secure. Switching from Android was seamless. All my apps work great. Very happy with this purchase. Highly recommend!",2024-11-03,iPhone 15 Pro,electronics,James H.,true,54
trustpilot,4.0,"Solid upgrade from my old phone. Camera improvements are noticeable and appreciated. Battery life is good but not amazing. The phone feels premium and well-built. Some minor software bugs but nothing major. Customer support was helpful when I had questions. A bit expensive but overall satisfied with the purchase.",2024-11-05,iPhone 15 Pro,electronics,Linda S.,false,53
trustpilot,3.0,"Mixed feelings about this phone. Camera is the standout feature with excellent photo quality. However, battery life has been disappointing. The phone gets uncomfortably warm during video calls. Price is very high for incremental improvements. Build quality is nice. Not sure if it's worth the upgrade from previous generation.",2024-10-12,iPhone 15 Pro,electronics,Chris B.,true,55
yelp,5.0,"Amazing hotel experience! The rooms were spacious and immaculately clean. Staff went above and beyond to make our stay comfortable. Location is perfect, walking distance to all major attractions. Breakfast buffet had great variety. Pool area was beautiful and well-maintained. Will definitely stay here again on our next visit!",2024-10-14,Marriott Downtown,hospitality,Jennifer A.,true,57
yelp,4.0,"Great hotel with excellent service. Check-in was smooth and efficient. Room was clean and comfortable with a nice view. Staff were friendly and accommodating. Only complaint is the parking fee was quite expensive. Restaurant food was delicious. Gym facilities were modern and well-equipped. Would recommend this hotel.",2024-10-17,Marriott Downtown,hospitality,Mark D.,true,51
yelp,2.0,"Disappointing stay for the price. Room was smaller than advertised and poorly maintained. Air conditioning didn't work properly. Front desk staff were unhelpful and seemed annoyed by questions. Walls are paper thin, could hear everything from neighboring rooms. Breakfast was mediocre. Would not stay here again despite the convenient location.",2024-10-19,Marriott Downtown,hospitality,Susan T.,true,55
yelp,5.0,"Fantastic hotel! Everything exceeded expectations. The room was luxurious and spotlessly clean. Concierge service was outstanding, helping us plan our entire trip. Location couldn't be better. Amenities were top-notch including the spa and restaurants. Staff remembered our names and preferences. A truly five-star experience. Highly recommend!",2024-10-23,Marriott Downtown,hospitality,Thomas J.,true,54
yelp,3.0,"Average hotel experience. Room was clean but dated and needs renovation. Staff were polite but not particularly helpful. Location is good though somewhat noisy. Breakfast was basic but adequate. Prices are high for what you get. Not bad but not special either. There are better value options nearby.",2024-10-26,Marriott Downtown,hospitality,Patricia M.,true,50
yelp,4.0,"Very pleasant stay overall. The hotel is well-maintained with modern facilities. Staff were professional and courteous. Room was comfortable with good amenities. Loved the rooftop bar with great city views. Breakfast could use more variety. Slightly overpriced but the location and service make up for it. Would consider staying again.",2024-10-29,Marriott Downtown,hospitality,Kevin L.,true,54
yelp,1.0,"Terrible experience from start to finish. Room was dirty with stained sheets. Found bugs in the bathroom. Complained to management but they did nothing. Extremely noisy location made sleep impossible. Overpriced for such poor quality. Staff were rude and dismissive. Save your money and book elsewhere. Absolutely disappointed.",2024-11-02,Marriott Downtown,hospitality,Rachel C.,true,52
yelp,5.0,"Best hotel stay ever! From check-in to checkout, everything was perfect. Room was beautifully appointed and incredibly comfortable. Housekeeping was thorough and unobtrusive. Restaurant served excellent meals. Gym was well-equipped. Location is ideal for both business and leisure. Staff were friendly and efficient. Worth every penny. Can't wait to return!",2024-11-04,Marriott Downtown,hospitality,Daniel F.,true,58
yelp,4.0,"Good value for money. Hotel is clean and well-maintained. Staff are helpful though sometimes overwhelmed during busy times. Room was comfortable with decent amenities. Breakfast spread was good with healthy options. Location is convenient with easy access to public transport. Minor issues but nothing that ruined our stay. Would recommend.",2024-10-11,Marriott Downtown,hospitality,Michelle R.,true,54
yelp,3.0,"Mediocre experience overall. The hotel is showing its age and needs updating. Staff were friendly but service was slow. Room was acceptable but nothing special. Overpriced for what you get. Breakfast was disappointing with limited options. Location is the main selling point. Wouldn't rush back but it's okay in a pinch.",2024-10-13,Marriott Downtown,hospitality,Andrew W.,true,53
google,5.0,"Exceptional customer service at this Apple Store! The staff were knowledgeable and patient, taking time to answer all my questions. Store is beautifully designed and well-organized. They helped me transfer all my data to my new phone. Even stayed late to ensure everything worked perfectly. Best retail experience I've had in years!",2024-10-16,Apple Store Fifth Avenue,electronics,Maria G.,true,59
google,4.0,"Very good experience overall. Staff were friendly and helpful in choosing the right product. Store is always busy but wait times are reasonable. The Genius Bar appointment system works well. Got my issue resolved quickly. Only downside is the store can get uncomfortably crowded. Would definitely shop here again.",2024-10-21,Apple Store Fifth Avenue,electronics,John P.,true,53
google,2.0,"Frustrating experience. Made a Genius Bar appointment but still had to wait 45 minutes. Staff seemed rushed and not very helpful. Store was chaotic and disorganized. Couldn't get clear answers to my technical questions. Left without resolving my issue. Expected better service from Apple. Very disappointed with this visit.",2024-10-24,Apple Store Fifth Avenue,electronics,Nancy L.,true,54
google,5.0,"Love this store! Always have an amazing experience here. Staff are incredibly helpful and knowledgeable. The hands-on product displays let you try everything before buying. Quick service even when busy. They fixed my device issue for free even though warranty had expired. Great customer service culture. Highly recommend this location!",2024-10-27,Apple Store Fifth Avenue,electronics,Steven K.,true,56
google,3.0,"It's an Apple Store, so you know what to expect. Products are well displayed and staff are generally helpful. However, it's always extremely crowded which makes shopping stressful. Wait times can be long. Prices are standard Apple pricing (high). Location is convenient. Nothing particularly special about this store compared to other Apple locations.",2024-10-30,Apple Store Fifth Avenue,electronics,Karen M.,true,58
google,4.0,"Positive experience with helpful staff. They took time to understand my needs before recommending products. Store layout is intuitive and spacious. Genius Bar staff were professional and fixed my issue quickly. Wait times were shorter than expected. Only complaint is the store can get very noisy. Overall satisfied with the service.",2024-11-01,Apple Store Fifth Avenue,electronics,Brian T.,true,55
google,1.0,"Horrible customer service. Staff were dismissive and condescending. Felt like they didn't want to help. Made an appointment but was told to wait with no explanation. After waiting an hour, was rushed through my issue. Problem wasn't even fixed. Never shopping at this location again. Very poor experience.",2024-10-09,Apple Store Fifth Avenue,electronics,Laura H.,true,52
google,5.0,"Outstanding service! Staff went above and beyond to help me. Store is beautiful and has a great atmosphere. They patiently explained all the features of different products. Even helped me set up my new device and taught me tips and tricks. This is what customer service should be. Couldn't be happier with my experience!",2024-10-10,Apple Store Fifth Avenue,electronics,Richard D.,true,58
google,4.0,"Good store with knowledgeable staff. They were able to answer all my technical questions. Product selection is comprehensive as expected from Apple. Store design is modern and inviting. Service was efficient though store was very busy. Prices are what you'd expect from Apple. Happy with my purchase and the help I received.",2024-10-08,Apple Store Fifth Avenue,electronics,Angela S.,true,55
google,3.0,"Decent but unremarkable visit. Staff were polite but seemed distracted. Store was clean and well-stocked. Long wait time despite having an appointment. Product information was adequate but not exceptional. Resolved my basic question but didn't feel particularly valued as a customer. Average experience that met minimum expectations.",2024-10-07,Apple Store Fifth Avenue,electronics,Charles W.,true,52
trustpilot,5.0,"Best headphones I've ever owned! Sound quality is absolutely incredible with deep bass and clear highs. Noise cancellation works like magic, completely blocks out background noise. Comfortable for hours of wear. Battery lasts forever, at least 30 hours. Build quality feels premium and durable. Worth every penny. Can't recommend enough!",2024-10-06,Sony WH-1000XM5,electronics,Nicole B.,true,56
trustpilot,4.0,"Excellent headphones with great sound quality. Noise cancellation is very effective. Comfortable to wear for extended periods. Touch controls work well once you get used to them. Battery life is impressive. Only minor complaint is they're a bit bulky for travel. Otherwise, very satisfied with this purchase. Good value for the price.",2024-10-05,Sony WH-1000XM5,electronics,Peter R.,true,55
trustpilot,2.0,"Expected more for the high price. Sound quality is good but not exceptional. Noise cancellation is okay but I've heard better. Headphones are uncomfortable after an hour of use. Touch controls are finicky and don't always respond. Battery drains faster than advertised. Build quality seems fragile. Disappointed with this purchase.",2024-10-04,Sony WH-1000XM5,electronics,Elizabeth K.,true,54
trustpilot,5.0,"These headphones are phenomenal! The sound quality is pristine with perfect balance across all frequencies. Noise cancellation is the best I've experienced. Ultra comfortable even during long flights. Battery life exceeds expectations. Premium build quality. App integration is seamless. Absolutely worth the investment. My favorite tech purchase this year!",2024-10-03,Sony WH-1000XM5,electronics,Gregory M.,true,54
trustpilot,3.0,"Decent headphones but overpriced. Sound is good but not amazing. Noise cancellation works but has room for improvement. Comfortable enough for short sessions. Battery life is as advertised. Build quality is acceptable. Expected more features for this price point. They're okay but I wouldn't buy them again. There are better alternatives available.",2024-10-02,Sony WH-1000XM5,electronics,Sandra P.,true,54
trustpilot,4.0,"Very impressed with these headphones. Sound quality is excellent with rich detail. Effective noise cancellation makes commuting peaceful. Comfortable design for all-day wear. Good battery life though not quite as long as claimed. Build feels solid and premium. A few minor software quirks but nothing major. Overall very happy with purchase.",2024-10-01,Sony WH-1000XM5,electronics,Timothy H.,true,54
trustpilot,1.0,"Worst headphones I've bought. Sound quality is mediocre with muddy bass. Noise cancellation barely works. Extremely uncomfortable, hurt my ears after 30 minutes. Battery died after just 10 hours. Build quality feels cheap despite high price. Customer service was unhelpful. Complete waste of money. Do not buy these headphones.",2024-09-30,Sony WH-1000XM5,electronics,Melissa J.,true,52
trustpilot,5.0,"Absolutely love these! Perfect sound quality with excellent clarity. Noise cancellation is incredible, feels like you're in your own world. Supremely comfortable for hours. Battery lasts multiple days of use. Beautifully designed. Touch controls are intuitive. Best audio investment I've made. Every audiophile needs these headphones!",2024-09-29,Sony WH-1000XM5,electronics,Jonathan L.,true,53
trustpilot,4.0,"Great headphones overall. Sound reproduction is accurate and detailed. Noise cancellation works very well in most environments. Comfortable fit though ear cups get warm. Battery performance is solid. Build quality inspires confidence. Price is high but justified by performance. Minor software issues but updates have improved things. Recommend these headphones.",2024-09-28,Sony WH-1000XM5,electronics,Catherine F.,true,53
trustpilot,3.0,"These headphones are alright. Sound is decent but lacks the wow factor. Noise cancellation is hit or miss. Comfortable initially but fatiguing over time. Battery life is average. Build seems okay but time will tell. Too expensive for what you get. Adequate but not exceptional. Expected better for this price range. Somewhat disappointed.",2024-09-27,Sony WH-1000XM5,electronics,Frank N.,true,56
yelp,5.0,"Best restaurant experience in the city! Food was absolutely delicious with creative flavors. Service was impeccable, attentive without being intrusive. Ambiance is perfect for special occasions. Wine list is extensive and well-curated. Every dish exceeded expectations. Prices are high but worth it for the quality. Will definitely return for our anniversary!",2024-09-26,Le Bernardin,hospitality,Victoria S.,true,57
yelp,4.0,"Excellent dining experience. Food quality is outstanding with beautiful presentation. Service is professional and knowledgeable. Atmosphere is elegant and sophisticated. Portion sizes are appropriate. Wine pairings complemented the meal perfectly. Only drawback is the steep prices. Special occasion restaurant but worth it for important celebrations. Would recommend for fine dining.",2024-09-25,Le Bernardin,hospitality,William C.,true,53
yelp,2.0,"Overrated and overpriced. Food was good but nothing extraordinary for the cost. Service was pretentious and made us feel uncomfortable. Atmosphere is stuffy. Portions are tiny for the price. Wine markups are excessive. Expected much more from this highly-rated restaurant. Left feeling disappointed and unsatisfied. Better options available elsewhere.",2024-09-24,Le Bernardin,hospitality,Dorothy T.,true,52
yelp,5.0,"Phenomenal dining experience! Every course was a work of art both visually and in taste. Flavors were perfectly balanced and inventive. Service staff were knowledgeable and gracious. Ambiance is refined yet welcoming. Wine sommelier recommendations were spot-on. Expensive but unforgettable. Best meal we've had in years. Absolutely worth the splurge!",2024-09-23,Le Bernardin,hospitality,Edward R.,true,56
yelp,3.0,"It's fine but overhyped. Food quality is good but not exceptional. Service is professional though somewhat formal. Atmosphere feels a bit dated. Prices are astronomical for what you receive. Some dishes were excellent while others were mediocre. Not bad but not worth the premium price tag. Expected more innovation and excitement.",2024-09-22,Le Bernardin,hospitality,Margaret W.,true,53
yelp,4.0,"Wonderful fine dining experience. Food preparation and presentation are masterful. Service is attentive and courteous. Beautiful decor creates an upscale atmosphere. Wine selection is impressive. Each course told a story. Pricey but delivers on quality and experience. Perfect for celebrating special moments. Would return for another special occasion.",2024-09-21,Le Bernardin,hospitality,Joseph M.,true,51
yelp,1.0,"Terrible experience and complete waste of money. Food was bland and uninspired. Service was slow and inattentive. Atmosphere was pretentious and uncomfortable. Portions laughably small for astronomical prices. Wine was mediocre despite high cost. Felt rushed through our meal. Completely disappointed. This restaurant is living on past reputation. Don't believe the hype.",2024-09-20,Le Bernardin,hospitality,Barbara G.,true,56
yelp,5.0,"An absolute culinary masterpiece! Each dish showcased exceptional technique and creativity. Flavors were complex yet harmonious. Service team was professional and welcoming. Ambiance struck the perfect balance of elegance and comfort. Wine pairing enhanced every course. Yes it's expensive, but this is destination dining at its finest. Memories we'll cherish forever!",2024-09-19,Le Bernardin,hospitality,Christopher V.,true,57
yelp,4.0,"Impressive restaurant with outstanding food. Every dish demonstrated culinary expertise. Service was polished and efficient. Decor is tasteful and sophisticated. Worth the high prices for a special celebration. Wine list offers great variety. Minor issue with pacing between courses. Overall exceptional experience. Recommend for fine dining enthusiasts looking for memorable meal.",2024-09-18,Le Bernardin,hospitality,Helen P.,true,54
yelp,3.0,"Mixed feelings about this place. Some dishes were incredible while others fell flat. Service was good but not extraordinary. Atmosphere is nice but feels impersonal. Prices are hard to justify given inconsistent quality. Wine selection is extensive. Good but not great. For these prices, everything should be perfect. Left somewhat unsatisfied for what we paid.",2024-09-17,Le Bernardin,hospitality,George D.,true,57
google,5.0,"Perfect vacation rental! The condo was exactly as pictured, clean and beautifully decorated. Location was ideal, walking distance to beach and restaurants. Host was incredibly responsive and helpful. All amenities worked perfectly. Felt like a home away from home. Great value for money. Would definitely book again on our next trip. Highly recommend!",2024-09-16,Beachfront Condo Miami,hospitality,Ruth H.,true,57
google,4.0,"Great place to stay. Condo was spacious and well-maintained. Kitchen had everything we needed. Beautiful ocean views from the balcony. Host communicated clearly and promptly. Only minor issue was WiFi was a bit slow. Otherwise perfect for our family vacation. Good location with easy beach access. Would consider staying here again.",2024-09-15,Beachfront Condo Miami,hospitality,Donald K.,true,54
google,2.0,"Disappointing experience. Condo was not as clean as expected, found dirt in corners. Several amenities were broken or missing. Host was difficult to reach when we had issues. Noise from neighboring units was excessive. Overpriced for the condition and problems we encountered. Location was the only positive aspect. Would not book here again.",2024-09-14,Beachfront Condo Miami,hospitality,Carol L.,true,56
google,5.0,"Amazing property! Everything exceeded our expectations. Condo was spotless and beautifully furnished. Kitchen was fully stocked with quality appliances. Host provided excellent recommendations for local restaurants and activities. Perfect location right on the beach. Secure building with great amenities. Best vacation rental we've ever had. Can't wait to return next year!",2024-09-13,Beachfront Condo Miami,hospitality,Paul B.,true,58
google,3.0,"Average rental property. Condo was adequate but nothing special. Furnishings were dated and could use updating. Location is good though. Host was responsive but not particularly helpful. Some amenities didn't work properly. Price seemed high for what you get. Not bad but wouldn't be our first choice next time. Okay for short stay.",2024-09-12,Beachfront Condo Miami,hospitality,Betty W.,true,56
google,4.0,"Very nice condo with great location. Everything was clean and comfortable. Host was friendly and provided clear instructions. Kitchen was well-equipped for cooking. Loved the ocean view and beach access. Pool area was clean and well-maintained. Only issue was thin walls meant we heard neighbors. Overall good value and pleasant stay.",2024-09-11,Beachfront Condo Miami,hospitality,Kenneth R.,true,55
google,1.0,"Worst rental experience ever. Condo was filthy when we arrived. Air conditioning didn't work in Florida heat. Host was unresponsive to our complaints. Multiple broken appliances and fixtures. Nothing like the photos. Felt scammed. Had to check out early and find hotel. Waste of money. Do not book this property under any circumstances.",2024-09-10,Beachfront Condo Miami,hospitality,Sharon M.,true,57
google,5.0,"Fantastic condo in perfect location! Spacious and beautifully decorated with everything we needed. Host was wonderful, checking in to make sure we had everything. Beach access was steps away. Building amenities exceeded expectations. Felt safe and secure. Great value considering the location and quality. Already booked for next year. Absolutely recommend this property!",2024-09-09,Beachfront Condo Miami,hospitality,Ronald T.,true,58
google,4.0,"Excellent rental property overall. Condo was clean and well-appointed. Good size for our family. Host provided helpful local information. Kitchen had all necessary cookware and utensils. Nice views and great location. Minor maintenance issues but nothing major. Good value for the area. Would likely book again on future visit to Miami.",2024-09-08,Beachfront Condo Miami,hospitality,Lisa F.,true,55
google,3.0,"It's okay for the price. Condo met basic expectations but lacked wow factor. Some wear and tear evident. Host was friendly but not very communicative. Location is convenient. Amenities were standard. Nothing wrong per se but nothing impressive either. Adequate for budget-conscious travelers. Wouldn't be first choice but acceptable backup option.",2024-09-07,Beachfront Condo Miami,hospitality,Larry S.,true,56
