{
  "elapsed_hours": 0.0050529195864995324,
  "avg_power_w": 14.49553696178221,
  "electricity_cost": 3.910689143471926e-05,
  "batches": [
    {
      "label": "google-batch-0",
      "avg_util_pct": 0.0,
      "avg_power_w": 16.413999999999998,
      "peak_vram_mb": 132.0,
      "elapsed_s": 1.3726208209991455
    },
    {
      "label": "google-batch-1",
      "avg_util_pct": 0.0,
      "avg_power_w": 12.450000000000001,
      "peak_vram_mb": 132.0,
      "elapsed_s": 1.960923433303833
    },
    {
      "label": "trustpilot-batch-0",
      "avg_util_pct": 0.0,
      "avg_power_w": 16.732,
      "peak_vram_mb": 132.0,
      "elapsed_s": 1.098933219909668
    },
    {
      "label": "trustpilot-batch-1",
      "avg_util_pct": 0.0,
      "avg_power_w": 16.925,
      "peak_vram_mb": 132.0,
      "elapsed_s": 1.1203324794769287
    },
    {
      "label": "yelp-batch-0",
      "avg_util_pct": 0.0,
      "avg_power_w": 9.947500000000002,
      "peak_vram_mb": 132.0,
      "elapsed_s": 1.4299216270446777
    },
    {
      "label": "yelp-batch-1",
      "avg_util_pct": 0.0,
      "avg_power_w": 16.961333333333332,
      "peak_vram_mb": 132.0,
      "elapsed_s": 1.0956401824951172
    }
  ],
  "note": null
}