{
  "elapsed_hours": 0.40304456618097095,
  "avg_power_w": null,
  "electricity_cost": null,
  "batches": [
    {
      "label": "google-batch-0",
      "avg_util_pct": null,
      "avg_power_w": null,
      "peak_vram_mb": null,
      "elapsed_s": 41.8561429977417
    },
    {
      "label": "google-batch-1",
      "avg_util_pct": null,
      "avg_power_w": null,
      "peak_vram_mb": null,
      "elapsed_s": 40.78717660903931
    },
    {
      "label": "google-batch-2",
      "avg_util_pct": null,
      "avg_power_w": null,
      "peak_vram_mb": null,
      "elapsed_s": 62.21125936508179
    },
    {
      "label": "google-batch-3",
      "avg_util_pct": null,
      "avg_power_w": null,
      "peak_vram_mb": null,
      "elapsed_s": 48.253645181655884
    },
    {
      "label": "google-batch-4",
      "avg_util_pct": null,
      "avg_power_w": null,
      "peak_vram_mb": null,
      "elapsed_s": 54.2180860042572
    },
    {
      "label": "google-batch-5",
      "avg_util_pct": null,
      "avg_power_w": null,
      "peak_vram_mb": null,
      "elapsed_s": 51.35203814506531
    },
    {
      "label": "google-batch-6",
      "avg_util_pct": null,
      "avg_power_w": null,
      "peak_vram_mb": null,
      "elapsed_s": 69.019784450531
    },
    {
      "label": "google-batch-7",
      "avg_util_pct": null,
      "avg_power_w": null,
      "peak_vram_mb": null,
      "elapsed_s": 38.93334364891052
    },
    {
      "label": "google-batch-8",
      "avg_util_pct": null,
      "avg_power_w": null,
      "peak_vram_mb": null,
      "elapsed_s": 29.801162481307983
    },
    {
      "label": "google-batch-9",
      "avg_util_pct": null,
      "avg_power_w": null,
      "peak_vram_mb": null,
      "elapsed_s": 32.35445022583008
    },
    {
      "label": "google-batch-10",
      "avg_util_pct": null,
      "avg_power_w": null,
      "peak_vram_mb": null,
      "elapsed_s": 42.92318773269653
    },
    {
      "label": "google-batch-11",
      "avg_util_pct": null,
      "avg_power_w": null,
      "peak_vram_mb": null,
      "elapsed_s": 32.55227708816528
    },
    {
      "label": "trustpilot-batch-0",
      "avg_util_pct": null,
      "avg_power_w": null,
      "peak_vram_mb": null,
      "elapsed_s": 30.09653115272522
    },
    {
      "label": "trustpilot-batch-1",
      "avg_util_pct": null,
      "avg_power_w": null,
      "peak_vram_mb": null,
      "elapsed_s": 28.8073673248291
    },
    {
      "label": "trustpilot-batch-2",
      "avg_util_pct": null,
      "avg_power_w": null,
      "peak_vram_mb": null,
      "elapsed_s": 50.328311920166016
    },
    {
      "label": "trustpilot-batch-3",
      "avg_util_pct": null,
      "avg_power_w": null,
      "peak_vram_mb": null,
      "elapsed_s": 55.61758542060852
    },
    {
      "label": "trustpilot-batch-4",
      "avg_util_pct": null,
      "avg_power_w": null,
      "peak_vram_mb": null,
      "elapsed_s": 30.902663469314575
    },
    {
      "label": "trustpilot-batch-5",
      "avg_util_pct": null,
      "avg_power_w": null,
      "peak_vram_mb": null,
      "elapsed_s": 38.27747583389282
    },
    {
      "label": "trustpilot-batch-6",
      "avg_util_pct": null,
      "avg_power_w": null,
      "peak_vram_mb": null,
      "elapsed_s": 29.42814302444458
    },
    {
      "label": "trustpilot-batch-7",
      "avg_util_pct": null,
      "avg_power_w": null,
      "peak_vram_mb": null,
      "elapsed_s": 29.987683534622192
    },
    {
      "label": "trustpilot-batch-8",
      "avg_util_pct": null,
      "avg_power_w": null,
      "peak_vram_mb": null,
      "elapsed_s": 36.411887645721436
    },
    {
      "label": "trustpilot-batch-9",
      "avg_util_pct": null,
      "avg_power_w": null,
      "peak_vram_mb": null,
      "elapsed_s": 32.806883573532104
    },
    {
      "label": "trustpilot-batch-10",
      "avg_util_pct": null,
      "avg_power_w": null,
      "peak_vram_mb": null,
      "elapsed_s": 41.8573317527771
    },
    {
      "label": "trustpilot-batch-11",
      "avg_util_pct": null,
      "avg_power_w": null,
      "peak_vram_mb": null,
      "elapsed_s": 34.57160925865173
    },
    {
      "label": "yelp-batch-0",
      "avg_util_pct": null,
      "avg_power_w": null,
      "peak_vram_mb": null,
      "elapsed_s": 40.02298879623413
    },
    {
      "label": "yelp-batch-1",
      "avg_util_pct": null,
      "avg_power_w": null,
      "peak_vram_mb": null,
      "elapsed_s": 32.996487855911255
    },
    {
      "label": "yelp-batch-2",
      "avg_util_pct": null,
      "avg_power_w": null,
      "peak_vram_mb": null,
      "elapsed_s": 38.46026420593262
    },
    {
      "label": "yelp-batch-3",
      "avg_util_pct": null,
      "avg_power_w": null,
      "peak_vram_mb": null,
      "elapsed_s": 32.75501561164856
    },
    {
      "label": "yelp-batch-4",
      "avg_util_pct": null,
      "avg_power_w": null,
      "peak_vram_mb": null,
      "elapsed_s": 42.91120982170105
    },
    {
      "label": "yelp-batch-5",
      "avg_util_pct": null,
      "avg_power_w": null,
      "peak_vram_mb": null,
      "elapsed_s": 41.16596055030823
    },
    {
      "label": "yelp-batch-6",
      "avg_util_pct": null,
      "avg_power_w": null,
      "peak_vram_mb": null,
      "elapsed_s": 32.1578471660614
    },
    {
      "label": "yelp-batch-7",
      "avg_util_pct": null,
      "avg_power_w": null,
      "peak_vram_mb": null,
      "elapsed_s": 45.79386496543884
    },
    {
      "label": "yelp-batch-8",
      "avg_util_pct": null,
      "avg_power_w": null,
      "peak_vram_mb": null,
      "elapsed_s": 30.25274395942688
    },
    {
      "label": "yelp-batch-9",
      "avg_util_pct": null,
      "avg_power_w": null,
      "peak_vram_mb": null,
      "elapsed_s": 30.824353456497192
    },
    {
      "label": "yelp-batch-10",
      "avg_util_pct": null,
      "avg_power_w": null,
      "peak_vram_mb": null,
      "elapsed_s": 46.857425928115845
    },
    {
      "label": "yelp-batch-11",
      "avg_util_pct": null,
      "avg_power_w": null,
      "peak_vram_mb": null,
      "elapsed_s": 33.666266441345215
    }
  ],
  "note": "NVML unavailable"
}