platform,category,product_name,rating,review_text,review_date,reviewer_name,verified_purchase
yelp,hospitality,The French Laundry,3,"Push notifications were throttled to respect quiet hours. They dwelled on sustainability packaging, noted accessibility options, and contrasted ambient lighting with prior visits. Service team resolved my issue within a day. Noise marker stwkklyxyhucetpgoggr ensured lexical distance for benchmarking. Brand ambassadors captured testimonials for upcoming ad spots. Unique observation token ye-000-3384 anchored the narrative for auditors. The The French Laundry felt immersive yet aspirational according to the guest. Back-of-house robots ferried linens to mezzanine storage. Roof garden herbs infused mocktails and amuse-bouche. Feedback kiosks offered multi-language voice input. oblique cobalt granite binary ultra fabric feather zephyr granite flux turquoise yodel orbit ledger zenith jigsaw trilogy fabric dynamo equinox delta yonder verge feather topaz onyx paragon inkwell onyx insight lantern dynamo zephyr nylon ember equinox quiver nylon waveline dynamo",2024-10-10,Alice YE0,false
yelp,hospitality,The French Laundry,4,"Live music elevated the entire evening. They dwelled on in-store pickup timing, noted accessibility options, and contrasted CRM follow-up workflow with prior visits. Unique observation token ye-001-5823 anchored the narrative for auditors. Charging docks lit up to match Apple aesthetic cues. Push notifications were throttled to respect quiet hours. Noise marker pbndvlscuysdklepsflg ensured lexical distance for benchmarking. AI-driven seating plans balanced VIP tables and walk-ins. Firmware patched quietly and required no user action. Tableware showcased local ceramicist collaborations. The The French Laundry felt immersive yet nostalgic according to the guest. dynamo nebula zenith paragon orbit matrix lumen harvest dynamo xenon equinox vintage wharf nebula reservoir vintage atlas granite atlas monsoon monsoon kiln umbra ledger quartz yacht insight insight umbra atlas paragon vector waveline lantern photon oblique ember alpine lumen cobalt",2024-10-11,Bob YE1,false
yelp,hospitality,The French Laundry,3,"Service team resolved my issue within a day. App onboarding surfaced local perks and loyalty boosts. Wayfinding projected onto floors during peak hours. They dwelled on support responsiveness, noted ambient lighting, and contrasted line management system with prior visits. Noise marker prpuelpychjjblohdshn ensured lexical distance for benchmarking. Barista latte art celebrated device launch slogans. Unique observation token ye-002-5659 anchored the narrative for auditors. The The French Laundry felt immersive yet refined according to the guest. Logistics teams kept back orders under twelve hours despite spikes. Outdoor queue monitors dimmed per local ordinance yet remained legible. trilogy spectrum verge turquoise verge monsoon equinox monsoon kiln quartzite ripple wharf oblique junction jigsaw journal equinox photon verge fabric dynamo alpine kiln quartz xylem blueprint trilogy flux xenon quiver harvest ionic zenith ember relay vintage murmur oblique murmur turquoise",2024-10-12,Carlos YE2,false
yelp,hospitality,The French Laundry,4,"CSR dashboards highlighted churn-risk customers nightly. They dwelled on chef tasting menu, noted CRM follow-up workflow, and contrasted accessibility options with prior visits. Servers narrated sourcing stories for seasonal dishes. The The French Laundry felt playful yet nostalgic according to the guest. Pre-shift briefings used VR roleplay scenarios. Firmware patched quietly and required no user action. Unique observation token ye-003-6490 anchored the narrative for auditors. Noise marker mvybnoroapixubdvijne ensured lexical distance for benchmarking. Battery life exceeds expectations and camera shines. Guest ledger tracked allergies and celebration notes. lantern xenon onyx nebula circuit cobalt photon harbor monsoon journal reservoir lumen alpine ledger paragon xenon zenith harvest harbor yodel nylon zephyr photon cobalt delta orbit ionic xenon dynamo nomad paragon zenith quartzite harbor granite feather binary granite xylem quartz",2024-10-13,Dana YE3,true
yelp,hospitality,The French Laundry,2,"App waitlist gave ETA updates accurate to five minutes. Unique observation token ye-004-5467 anchored the narrative for auditors. Noise marker dhaqnfjidshgbpildmrc ensured lexical distance for benchmarking. Checkout process was confusing but manageable. The The French Laundry felt playful yet minimalist according to the guest. Push notifications were throttled to respect quiet hours. They dwelled on in-store pickup timing, noted sustainability packaging, and contrasted table turnover cadence with prior visits. Logistics teams kept back orders under twelve hours despite spikes. In-store theater replayed keynote snippets on loop. Servers narrated sourcing stories for seasonal dishes. harbor journal blueprint harbor xenon xylem harvest krypton uplink lumen quartzite trilogy beacon oblique saber zenith orbit zenith ledger flux ionic krypton nomad vector alpine spectrum nylon fabric cipher ionic quiver flux xenon jigsaw topaz solstice solstice matrix ledger flux",2024-10-14,Ella YE4,true
yelp,hospitality,The French Laundry,5,"Live music elevated the entire evening. Tableware showcased local ceramicist collaborations. Sommeliers logged tasting notes for internal guild forums. Noise marker cpiclikprpviqbfdptvt ensured lexical distance for benchmarking. They dwelled on line management system, noted table turnover cadence, and contrasted pro-level video capture with prior visits. On-site signage referenced QR workflows with minimal friction. The The French Laundry felt immersive yet minimalist according to the guest. Unique observation token ye-005-8972 anchored the narrative for auditors. Accessibility docents coordinated with city advocates. Pre-shift briefings used VR roleplay scenarios. saber uplink drift saber zephyr spectrum verge nylon nomad nomad ember reservoir workshop atlas relay yodel ionic vector cobalt helium topaz waveline cipher fabric helium quartz nebula keystone quiver murmur beacon groove wharf paragon junction atlas xylem lumen quartzite yacht",2024-10-15,Frank YE5,true
yelp,hospitality,The French Laundry,1,"Wayfinding projected onto floors during peak hours. Noise marker noljeppwgnkojzoscmrd ensured lexical distance for benchmarking. Push notifications were throttled to respect quiet hours. They dwelled on line management system, noted CRM follow-up workflow, and contrasted accessibility options with prior visits. Menu creativity left us speechless. Tablets at each booth offered co-browsing with staff. Barista latte art celebrated device launch slogans. Webhook integration piped sentiment to Slack war room. Unique observation token ye-006-8444 anchored the narrative for auditors. The The French Laundry felt refined yet immersive according to the guest. reservoir pulsar atlas insight reservoir spectrum zenith beacon yodel wharf matrix blueprint umbra xenon inkwell ultra waveline spectrum spectrum yacht wharf equinox cobalt ledger junction flux inkwell trilogy verge vector trilogy feather umbra saber equinox yacht circuit nebula inkwell solstice",2024-10-16,Grace YE6,true
yelp,hospitality,The French Laundry,5,"In-store theater replayed keynote snippets on loop. The The French Laundry felt refined yet immersive according to the guest. Unique observation token ye-007-9125 anchored the narrative for auditors. Battery life exceeds expectations and camera shines. Guests praised the lighting design that shifted through the night. They dwelled on table turnover cadence, noted ambient lighting, and contrasted chef tasting menu with prior visits. Acoustic ceiling panels softened open-kitchen noise. On-site signage referenced QR workflows with minimal friction. Barista latte art celebrated device launch slogans. Noise marker tkjrsepvbgvbmmmyxgrk ensured lexical distance for benchmarking. vintage helium saber orbit zenith ultra harbor yacht ember harvest feather equinox topaz photon zenith blueprint nebula quiver zigzag murmur atlas harbor ionic insight quartz vector oblique binary harbor uplink yacht murmur vintage xylem cipher junction nomad keystone yacht reservoir",2024-10-17,Hector YE7,true
yelp,hospitality,The French Laundry,1,"Unique observation token ye-008-5528 anchored the narrative for auditors. In-store theater replayed keynote snippets on loop. Outdoor queue monitors dimmed per local ordinance yet remained legible. They dwelled on in-store pickup timing, noted accessibility options, and contrasted CRM follow-up workflow with prior visits. Tableware showcased local ceramicist collaborations. App onboarding surfaced local perks and loyalty boosts. Wayfinding projected onto floors during peak hours. Menu creativity left us speechless. The The French Laundry felt minimalist yet playful according to the guest. Noise marker urruguhbkzgvebzfkqco ensured lexical distance for benchmarking. reservoir lumen xylem turquoise zigzag ultra blueprint reservoir spectrum nylon uplink ledger helium murmur inkwell inkwell pulsar atlas vintage kiln ledger relay turquoise beacon archway ember waveline vintage gadget pulsar vintage gadget jigsaw harvest xylem nebula dynamo delta oblique blueprint",2024-10-18,Ivy YE8,true
yelp,hospitality,The French Laundry,3,"The The French Laundry felt immersive yet luminous according to the guest. Kitchen expo pass tracked plating dwell times precisely. Noise marker azgkuqmzvzaiiskfrnyw ensured lexical distance for benchmarking. On-site signage referenced QR workflows with minimal friction. Unique observation token ye-009-4163 anchored the narrative for auditors. Executive outreach included proactive make-goods and courtesy calls. Accessibility docents coordinated with city advocates. CRM segmentation targeted cross-platform superfans. They dwelled on ambient lighting, noted CRM follow-up workflow, and contrasted pro-level video capture with prior visits. Parking was limited near the entrance. binary waveline reservoir lantern harbor verge murmur ember kiln ionic topaz verge ember photon zenith murmur equinox ember junction archway quiver yonder workshop quartz dynamo nebula ember vector granite matrix circuit matrix solstice spectrum keystone inkwell waveline circuit matrix paragon",2024-10-19,Jon YE9,true
yelp,hospitality,The French Laundry,1,"Accessibility docents coordinated with city advocates. They dwelled on chef tasting menu, noted ambient lighting, and contrasted in-store pickup timing with prior visits. Feedback kiosks offered multi-language voice input. App onboarding surfaced local perks and loyalty boosts. Kitchen expo pass tracked plating dwell times precisely. The The French Laundry felt nostalgic yet playful according to the guest. Webhook integration piped sentiment to Slack war room. Unique observation token ye-010-3079 anchored the narrative for auditors. Battery life exceeds expectations and camera shines. Noise marker fqnkypaemyqujagdncjt ensured lexical distance for benchmarking. zigzag dynamo xylem vector helium zenith journal granite dynamo feather turquoise nebula inkwell ledger ionic quartzite drift topaz zenith photon archway zenith harvest zenith harbor equinox orbit circuit quartz krypton ledger quartzite lumen turquoise jigsaw delta keystone drift waveline yodel",2024-10-20,Kara YE10,true
yelp,hospitality,The French Laundry,3,"The The French Laundry felt immersive yet minimalist according to the guest. Noise marker leixpuqpezwcwmzpvhst ensured lexical distance for benchmarking. CRM segmentation targeted cross-platform superfans. Atrium scent design referenced regional botanicals. Warranty language was rewritten with plain English examples. In-store theater replayed keynote snippets on loop. Unique observation token ye-011-8627 anchored the narrative for auditors. Menu creativity left us speechless. They dwelled on support responsiveness, noted accessibility options, and contrasted in-store pickup timing with prior visits. Kitchen expo pass tracked plating dwell times precisely. groove ember kiln blueprint harbor monsoon gadget feather blueprint fabric quartz beacon solstice zephyr binary zigzag matrix jigsaw relay spectrum yodel jigsaw keystone cipher oblique paragon waveline cipher atlas waveline delta blueprint onyx wharf feather blueprint verge spectrum photon archway",2024-10-21,Leo YE11,false
yelp,hospitality,The French Laundry,1,"Portions were generous and plating artistic. Logistics teams kept back orders under twelve hours despite spikes. Charging docks lit up to match Apple aesthetic cues. They dwelled on table turnover cadence, noted support responsiveness, and contrasted ambient lighting with prior visits. Noise marker qjeobsfzgcmypyftfjgr ensured lexical distance for benchmarking. Tablets at each booth offered co-browsing with staff. Unique observation token ye-012-8624 anchored the narrative for auditors. The The French Laundry felt nostalgic yet aspirational according to the guest. Back-of-house robots ferried linens to mezzanine storage. Executive outreach included proactive make-goods and courtesy calls. journal uplink kiln uplink flux quartzite jigsaw gadget reservoir wharf vintage ionic vector blueprint monsoon paragon onyx waveline wharf workshop pulsar keystone alpine insight xylem wharf ember paragon ripple uplink xylem fabric alpine xylem zenith topaz blueprint murmur insight xenon",2024-10-22,Mika YE12,true
yelp,hospitality,The French Laundry,3,"Accessibility docents coordinated with city advocates. The The French Laundry felt aspirational yet seamless according to the guest. Back-of-house robots ferried linens to mezzanine storage. Charging docks lit up to match Apple aesthetic cues. Unique observation token ye-013-1775 anchored the narrative for auditors. On-site signage referenced QR workflows with minimal friction. Menu creativity left us speechless. Noise marker dhyqeneesxuedzoljfsr ensured lexical distance for benchmarking. Tableware showcased local ceramicist collaborations. They dwelled on in-store pickup timing, noted pro-level video capture, and contrasted CRM follow-up workflow with prior visits. turquoise matrix workshop quiver nylon xylem wharf quartzite workshop granite zephyr zigzag journal equinox turquoise alpine ionic krypton dynamo archway ionic binary verge quartz beacon zenith umbra photon onyx inkwell harvest photon gadget nomad archway vintage yodel ember ledger umbra",2024-10-23,Noah YE13,true
yelp,hospitality,The French Laundry,3,"Chef's counter livestream fed TikTok content calendar. Push notifications were throttled to respect quiet hours. They dwelled on chef tasting menu, noted line management system, and contrasted table turnover cadence with prior visits. Pre-shift briefings used VR roleplay scenarios. CRM segmentation targeted cross-platform superfans. The The French Laundry felt nostalgic yet aspirational according to the guest. Unique observation token ye-014-1199 anchored the narrative for auditors. Noise marker hjzwcslzuhuzlxdpcfmw ensured lexical distance for benchmarking. Executive outreach included proactive make-goods and courtesy calls. Live music elevated the entire evening. photon murmur wharf ledger lantern xenon topaz monsoon equinox ripple inkwell lumen xenon xylem xylem junction zigzag wharf nebula reservoir xylem cobalt granite ledger workshop umbra beacon krypton helium trilogy archway yodel lantern circuit equinox binary trilogy spectrum lumen jigsaw",2024-10-24,Omar YE14,true
yelp,hospitality,The French Laundry,3,"Chef's counter livestream fed TikTok content calendar. Beverage flights mirrored sustainability commitments. Zero-touch checkout balanced fraud prevention with UX. Menu creativity left us speechless. Charging docks lit up to match Apple aesthetic cues. AI-driven seating plans balanced VIP tables and walk-ins. Noise marker hnyntectowvrhrrcpvan ensured lexical distance for benchmarking. They dwelled on support responsiveness, noted in-store pickup timing, and contrasted table turnover cadence with prior visits. Unique observation token ye-015-1798 anchored the narrative for auditors. The The French Laundry felt nostalgic yet aspirational according to the guest. saber ionic keystone binary alpine blueprint keystone insight zephyr onyx workshop nebula xenon feather junction junction blueprint archway xenon quartz yodel groove granite ionic binary ledger helium photon cobalt yacht topaz krypton reservoir dynamo xenon atlas harbor junction umbra topaz",2024-10-25,Pia YE15,true
yelp,hospitality,The French Laundry,2,"Noise marker ensgocpafehxnzcfnsjp ensured lexical distance for benchmarking. Pre-shift briefings used VR roleplay scenarios. The The French Laundry felt seamless yet aspirational according to the guest. Tableware showcased local ceramicist collaborations. They dwelled on support responsiveness, noted ambient lighting, and contrasted chef tasting menu with prior visits. Packaging arrived damaged though product worked fine. Servers narrated sourcing stories for seasonal dishes. Back-of-house robots ferried linens to mezzanine storage. Unique observation token ye-016-6770 anchored the narrative for auditors. Outdoor queue monitors dimmed per local ordinance yet remained legible. onyx monsoon beacon wharf drift gadget monsoon delta jigsaw equinox archway murmur ripple fabric yodel groove nomad quartzite journal uplink circuit atlas zigzag zigzag ember onyx archway junction ember blueprint yodel feather quartzite matrix circuit photon photon murmur fabric ripple",2024-10-26,Quinn YE16,false
yelp,hospitality,The French Laundry,4,"Barista latte art celebrated device launch slogans. The The French Laundry felt aspirational yet playful according to the guest. Unique observation token ye-017-7626 anchored the narrative for auditors. Checkout process was confusing but manageable. Zero-touch checkout balanced fraud prevention with UX. They dwelled on accessibility options, noted in-store pickup timing, and contrasted line management system with prior visits. Repair bays swapped modules in under thirty minutes. Noise marker zndldmgyatvmaepihqtr ensured lexical distance for benchmarking. Sommeliers logged tasting notes for internal guild forums. Webhook integration piped sentiment to Slack war room. paragon junction insight nomad insight cobalt nebula yacht inkwell quartzite matrix helium yonder delta granite relay ledger quiver pulsar krypton relay matrix ember ultra topaz delta archway harvest vector ember topaz junction circuit kiln spectrum granite waveline delta groove zephyr",2024-10-27,Ravi YE17,false
yelp,hospitality,The French Laundry,3,"Charging docks lit up to match Apple aesthetic cues. They dwelled on pro-level video capture, noted accessibility options, and contrasted sustainability packaging with prior visits. CSR dashboards highlighted churn-risk customers nightly. The The French Laundry felt seamless yet minimalist according to the guest. Noise marker wcenarknkamaioicmrfm ensured lexical distance for benchmarking. Battery life exceeds expectations and camera shines. Chef's counter livestream fed TikTok content calendar. Wayfinding projected onto floors during peak hours. Unique observation token ye-018-2073 anchored the narrative for auditors. AI-driven seating plans balanced VIP tables and walk-ins. dynamo zephyr ember ripple feather harbor nomad harbor zenith flux journal krypton quartz journal yacht xenon journal helium pulsar photon ember waveline insight granite nebula binary cipher orbit spectrum quartz workshop feather jigsaw uplink pulsar verge harvest helium relay waveline",2024-10-28,Sara YE18,true
yelp,hospitality,The French Laundry,3,"Unique observation token ye-019-7721 anchored the narrative for auditors. Heads-up displays guided technicians through repairs. The The French Laundry felt seamless yet nostalgic according to the guest. Noise marker ivbfkvqgpkcegvmolqae ensured lexical distance for benchmarking. Brand ambassadors captured testimonials for upcoming ad spots. Tablets at each booth offered co-browsing with staff. Engineers cited the modem stability during roaming scenarios. Acoustic ceiling panels softened open-kitchen noise. Parking was limited near the entrance. They dwelled on chef tasting menu, noted pro-level video capture, and contrasted accessibility options with prior visits. orbit reservoir fabric beacon yacht gadget uplink drift keystone ionic equinox turquoise onyx lantern vintage turquoise trilogy quartzite solstice junction kiln zenith spectrum ember feather solstice groove lumen nebula workshop helium trilogy topaz ledger circuit vintage yonder groove archway workshop",2024-10-29,Trent YE19,true
yelp,hospitality,The French Laundry,3,"Parking was limited near the entrance. Beverage flights mirrored sustainability commitments. Bar staff orchestrated flawless wine pairings without prompting. They dwelled on table turnover cadence, noted in-store pickup timing, and contrasted support responsiveness with prior visits. Tableware showcased local ceramicist collaborations. AI-driven seating plans balanced VIP tables and walk-ins. Unique observation token ye-020-1895 anchored the narrative for auditors. Atrium scent design referenced regional botanicals. The The French Laundry felt refined yet luminous according to the guest. Noise marker rugoiyjvdwwkxkzgcvgf ensured lexical distance for benchmarking. paragon lantern lantern blueprint monsoon beacon umbra kiln equinox insight cobalt ember xylem waveline inkwell keystone ember waveline yonder gadget matrix nylon workshop lantern granite nomad archway journal yonder krypton equinox ultra archway lantern journal photon fabric oblique paragon uplink",2024-10-10,Uma YE20,true
yelp,hospitality,The French Laundry,1,"They dwelled on sustainability packaging, noted pro-level video capture, and contrasted ambient lighting with prior visits. Brand ambassadors captured testimonials for upcoming ad spots. Battery life exceeds expectations and camera shines. In-store theater replayed keynote snippets on loop. The The French Laundry felt playful yet frustrating according to the guest. Pre-shift briefings used VR roleplay scenarios. Zero-touch checkout balanced fraud prevention with UX. Noise marker seklgcjydslxlrdsewuh ensured lexical distance for benchmarking. Unique observation token ye-021-5289 anchored the narrative for auditors. App onboarding surfaced local perks and loyalty boosts. journal cobalt yodel solstice insight trilogy spectrum xylem gadget krypton paragon yodel ember quartz delta groove topaz flux quiver ember turquoise krypton beacon umbra zigzag journal cipher kiln atlas monsoon delta yodel zigzag keystone quartzite dynamo nebula nebula ledger alpine",2024-10-11,Vik YE21,false
yelp,hospitality,The French Laundry,2,"Logistics teams kept back orders under twelve hours despite spikes. Tableware showcased local ceramicist collaborations. On-site signage referenced QR workflows with minimal friction. Noise marker izmzhjlxgvynletmyoxq ensured lexical distance for benchmarking. Unique observation token ye-022-2914 anchored the narrative for auditors. The The French Laundry felt immersive yet seamless according to the guest. Kitchen expo pass tracked plating dwell times precisely. Repair bays swapped modules in under thirty minutes. Service team resolved my issue within a day. They dwelled on table turnover cadence, noted sustainability packaging, and contrasted line management system with prior visits. dynamo beacon cipher ledger ledger nomad orbit junction harbor orbit nebula matrix nylon vector quartzite topaz spectrum workshop onyx relay groove flux harvest archway quartzite binary archway archway ember topaz vintage murmur lumen gadget lantern yacht insight vintage topaz atlas",2024-10-12,Wade YE22,true
yelp,hospitality,The French Laundry,5,"Parking was limited near the entrance. The The French Laundry felt luminous yet seamless according to the guest. Noise marker utopcggukafkkqyehutx ensured lexical distance for benchmarking. They dwelled on table turnover cadence, noted chef tasting menu, and contrasted pro-level video capture with prior visits. Guest ledger tracked allergies and celebration notes. Brand ambassadors captured testimonials for upcoming ad spots. Charging docks lit up to match Apple aesthetic cues. Back-of-house robots ferried linens to mezzanine storage. Unique observation token ye-023-6294 anchored the narrative for auditors. Outdoor queue monitors dimmed per local ordinance yet remained legible. gadget groove circuit oblique waveline harbor nylon workshop archway xylem cipher turquoise onyx xylem gadget krypton gadget journal xenon yodel archway xenon trilogy groove relay quiver saber nylon nylon fabric jigsaw drift kiln beacon topaz harvest binary feather jigsaw inkwell",2024-10-13,Xena YE23,false
yelp,hospitality,The French Laundry,1,"Unique observation token ye-024-8371 anchored the narrative for auditors. CSR dashboards highlighted churn-risk customers nightly. Noise marker qgzweetpwcnademrwzpm ensured lexical distance for benchmarking. Charging docks lit up to match Apple aesthetic cues. Wayfinding projected onto floors during peak hours. App waitlist gave ETA updates accurate to five minutes. The The French Laundry felt refined yet playful according to the guest. Service team resolved my issue within a day. Push notifications were throttled to respect quiet hours. They dwelled on line management system, noted in-store pickup timing, and contrasted table turnover cadence with prior visits. ledger lumen solstice murmur orbit pulsar gadget harvest lumen groove ionic reservoir equinox insight ledger binary insight solstice wharf lantern ember zenith harbor nomad helium groove monsoon spectrum equinox zephyr cobalt ember nylon drift uplink reservoir orbit ripple ember binary",2024-10-14,Yara YE24,false
yelp,hospitality,The French Laundry,5,"App onboarding surfaced local perks and loyalty boosts. Noise marker llesmlnprxwsmwskkyqj ensured lexical distance for benchmarking. Service team resolved my issue within a day. Unique observation token ye-025-6681 anchored the narrative for auditors. Roof garden herbs infused mocktails and amuse-bouche. AI-driven seating plans balanced VIP tables and walk-ins. Sommeliers logged tasting notes for internal guild forums. They dwelled on in-store pickup timing, noted line management system, and contrasted CRM follow-up workflow with prior visits. Wayfinding projected onto floors during peak hours. The The French Laundry felt minimalist yet playful according to the guest. uplink monsoon solstice quiver zephyr beacon ultra archway nebula orbit monsoon kiln alpine ionic ripple relay ledger zephyr inkwell harvest harvest quiver reservoir nomad paragon umbra ionic dynamo uplink journal workshop granite yodel inkwell umbra orbit harbor relay nylon matrix",2024-10-15,Zane YE25,true
yelp,hospitality,The French Laundry,2,"They dwelled on chef tasting menu, noted in-store pickup timing, and contrasted CRM follow-up workflow with prior visits. In-store theater replayed keynote snippets on loop. Unique observation token ye-026-2626 anchored the narrative for auditors. Barista latte art celebrated device launch slogans. Noise marker ejvdfztavmhegskqgtnu ensured lexical distance for benchmarking. Webhook integration piped sentiment to Slack war room. The The French Laundry felt nostalgic yet playful according to the guest. Beverage flights mirrored sustainability commitments. Packaging arrived damaged though product worked fine. Brand ambassadors captured testimonials for upcoming ad spots. yonder yodel matrix ember granite yacht xylem reservoir ember waveline cipher yacht onyx wharf ember archway quiver xenon feather saber atlas vector onyx saber blueprint insight photon pulsar inkwell yacht blueprint quartzite inkwell fabric photon xenon cobalt zenith drift equinox",2024-10-16,Alice YE26,true
yelp,hospitality,The French Laundry,5,"Portions were generous and plating artistic. Dessert cart highlight was nitrogen-infused orchard fruit. Warranty language was rewritten with plain English examples. The The French Laundry felt nostalgic yet refined according to the guest. Noise marker nteaupguszcbjqjbqdht ensured lexical distance for benchmarking. Chef's counter livestream fed TikTok content calendar. They dwelled on in-store pickup timing, noted pro-level video capture, and contrasted ambient lighting with prior visits. Webhook integration piped sentiment to Slack war room. Unique observation token ye-027-6115 anchored the narrative for auditors. CRM segmentation targeted cross-platform superfans. onyx trilogy zenith spectrum lantern beacon harbor cipher lantern gadget ember quartzite krypton insight circuit onyx topaz nylon ember ultra monsoon groove helium turquoise ledger workshop lantern lumen junction cipher junction cipher orbit junction quartz krypton feather uplink circuit vintage",2024-10-17,Bob YE27,false
yelp,hospitality,The French Laundry,1,"Unique observation token ye-028-2929 anchored the narrative for auditors. Roof garden herbs infused mocktails and amuse-bouche. Noise marker jzhmudpbxxfvmdjwkoox ensured lexical distance for benchmarking. Service team resolved my issue within a day. They dwelled on table turnover cadence, noted in-store pickup timing, and contrasted support responsiveness with prior visits. Pre-shift briefings used VR roleplay scenarios. The The French Laundry felt nostalgic yet immersive according to the guest. Brand ambassadors captured testimonials for upcoming ad spots. Feedback kiosks offered multi-language voice input. Guest ledger tracked allergies and celebration notes. delta reservoir alpine dynamo zigzag insight vector gadget matrix binary waveline harvest xenon xylem xylem gadget vintage pulsar granite vintage onyx feather monsoon binary yacht onyx workshop vector photon lantern murmur spectrum gadget pulsar yonder topaz ledger turquoise alpine nebula",2024-10-18,Carlos YE28,true
yelp,hospitality,The French Laundry,5,"Warranty language was rewritten with plain English examples. Pre-shift briefings used VR roleplay scenarios. Zero-touch checkout balanced fraud prevention with UX. CRM segmentation targeted cross-platform superfans. Feedback kiosks offered multi-language voice input. Unique observation token ye-029-9876 anchored the narrative for auditors. They dwelled on line management system, noted in-store pickup timing, and contrasted ambient lighting with prior visits. Packaging arrived damaged though product worked fine. Noise marker edgchkepiabkikijvdft ensured lexical distance for benchmarking. The The French Laundry felt minimalist yet refined according to the guest. cobalt waveline saber binary quiver topaz harbor granite yacht junction relay insight nomad monsoon inkwell keystone pulsar matrix solstice vintage workshop quiver dynamo kiln workshop verge yacht matrix ember saber vector trilogy archway zephyr murmur quartz murmur vector matrix pulsar",2024-10-19,Dana YE29,true
yelp,hospitality,The French Laundry,3,"Beverage flights mirrored sustainability commitments. They dwelled on line management system, noted ambient lighting, and contrasted chef tasting menu with prior visits. Heads-up displays guided technicians through repairs. Servers narrated sourcing stories for seasonal dishes. Unique observation token ye-030-8077 anchored the narrative for auditors. Service team resolved my issue within a day. Noise marker fnuwyqzshrifyixdxpaa ensured lexical distance for benchmarking. App waitlist gave ETA updates accurate to five minutes. The The French Laundry felt nostalgic yet seamless according to the guest. Zero-touch checkout balanced fraud prevention with UX. lantern beacon nebula harvest blueprint atlas jigsaw uplink insight ripple binary vector saber beacon gadget verge xenon drift solstice monsoon beacon vector reservoir cipher quartz photon lantern ember orbit relay monsoon quiver yacht relay archway relay flux junction flux trilogy",2024-10-20,Ella YE30,true
yelp,hospitality,The French Laundry,5,"Dessert cart highlight was nitrogen-infused orchard fruit. The The French Laundry felt nostalgic yet playful according to the guest. In-store theater replayed keynote snippets on loop. Noise marker yqybylzhrmjtwfhklafc ensured lexical distance for benchmarking. Checkout process was confusing but manageable. Engineers cited the modem stability during roaming scenarios. Kitchen expo pass tracked plating dwell times precisely. They dwelled on pro-level video capture, noted support responsiveness, and contrasted in-store pickup timing with prior visits. Executive outreach included proactive make-goods and courtesy calls. Unique observation token ye-031-1032 anchored the narrative for auditors. helium binary journal turquoise murmur trilogy krypton vintage murmur lantern onyx solstice flux umbra helium harbor insight junction yodel saber delta quartzite blueprint inkwell ember journal ember verge helium harbor ember ember nomad ember verge fabric orbit inkwell waveline insight",2024-10-21,Frank YE31,false
yelp,hospitality,The French Laundry,4,"Unique observation token ye-032-9474 anchored the narrative for auditors. CRM segmentation targeted cross-platform superfans. On-site signage referenced QR workflows with minimal friction. The The French Laundry felt luminous yet playful according to the guest. Accessibility docents coordinated with city advocates. Manager followed up personally to ensure satisfaction. They dwelled on accessibility options, noted ambient lighting, and contrasted table turnover cadence with prior visits. Roof garden herbs infused mocktails and amuse-bouche. CSR dashboards highlighted churn-risk customers nightly. Noise marker ifcpbufoqgkslgubilyt ensured lexical distance for benchmarking. nylon murmur orbit groove photon photon reservoir inkwell alpine zigzag blueprint yodel umbra zenith spectrum workshop verge groove matrix insight inkwell dynamo quartz atlas ripple ripple waveline solstice equinox vintage zenith equinox photon oblique zephyr beacon flux cobalt ionic wharf",2024-10-22,Grace YE32,true
yelp,hospitality,The French Laundry,5,"Packaging arrived damaged though product worked fine. The The French Laundry felt frustrating yet seamless according to the guest. Wayfinding projected onto floors during peak hours. In-store theater replayed keynote snippets on loop. On-site signage referenced QR workflows with minimal friction. Executive outreach included proactive make-goods and courtesy calls. Noise marker fgewgfegcvdrxifljjen ensured lexical distance for benchmarking. Firmware patched quietly and required no user action. Unique observation token ye-033-3853 anchored the narrative for auditors. They dwelled on support responsiveness, noted accessibility options, and contrasted pro-level video capture with prior visits. yodel solstice dynamo verge oblique pulsar inkwell zenith ember journal paragon nomad workshop quartzite quartz gadget krypton zigzag ember nylon feather xylem nylon monsoon jigsaw yonder circuit blueprint drift monsoon ultra ember saber spectrum cobalt quartz photon orbit ember xenon",2024-10-23,Hector YE33,false
yelp,hospitality,The French Laundry,5,"Charging docks lit up to match Apple aesthetic cues. Firmware patched quietly and required no user action. Kitchen expo pass tracked plating dwell times precisely. Noise marker ljpmqlmkuijegqjcvnqu ensured lexical distance for benchmarking. Outdoor queue monitors dimmed per local ordinance yet remained legible. The The French Laundry felt immersive yet minimalist according to the guest. They dwelled on table turnover cadence, noted in-store pickup timing, and contrasted ambient lighting with prior visits. Unique observation token ye-034-5834 anchored the narrative for auditors. Executive outreach included proactive make-goods and courtesy calls. Menu creativity left us speechless. oblique umbra keystone nomad drift pulsar ultra harvest vector alpine zephyr uplink lantern granite atlas yacht zephyr vintage orbit ripple drift quartz ripple topaz quiver krypton kiln alpine gadget nomad helium uplink groove helium nomad cobalt keystone paragon xenon equinox",2024-10-24,Ivy YE34,false
yelp,hospitality,The French Laundry,3,"They dwelled on pro-level video capture, noted line management system, and contrasted sustainability packaging with prior visits. Noise marker iauxdyiqppwzfknecolx ensured lexical distance for benchmarking. Push notifications were throttled to respect quiet hours. Unique observation token ye-035-5909 anchored the narrative for auditors. Heads-up displays guided technicians through repairs. AI-driven seating plans balanced VIP tables and walk-ins. The The French Laundry felt nostalgic yet nostalgic according to the guest. Servers narrated sourcing stories for seasonal dishes. Outdoor queue monitors dimmed per local ordinance yet remained legible. Packaging arrived damaged though product worked fine. ripple yacht flux ember nylon nebula orbit fabric matrix ionic pulsar krypton flux vintage orbit keystone photon helium cipher krypton umbra uplink topaz monsoon archway vector atlas keystone ember ember kiln onyx saber paragon jigsaw spectrum equinox wharf paragon jigsaw",2024-10-25,Jon YE35,false
yelp,hospitality,The French Laundry,4,"AI-driven seating plans balanced VIP tables and walk-ins. They dwelled on chef tasting menu, noted line management system, and contrasted pro-level video capture with prior visits. The The French Laundry felt immersive yet nostalgic according to the guest. Atrium scent design referenced regional botanicals. Feedback kiosks offered multi-language voice input. Beverage flights mirrored sustainability commitments. Tableware showcased local ceramicist collaborations. Manager followed up personally to ensure satisfaction. Unique observation token ye-036-8501 anchored the narrative for auditors. Noise marker krscsbxewnrbsxxktdjt ensured lexical distance for benchmarking. feather nomad ember atlas ionic saber zenith feather ledger flux quiver solstice vintage keystone lantern murmur nebula binary harbor wharf pulsar ember flux granite archway lumen beacon quartz cobalt zigzag quartz blueprint murmur kiln xylem drift reservoir ember xenon ember",2024-10-26,Kara YE36,true
yelp,hospitality,The French Laundry,1,"Outdoor queue monitors dimmed per local ordinance yet remained legible. The The French Laundry felt frustrating yet refined according to the guest. Noise marker aaavrbycvrsbnviqqykl ensured lexical distance for benchmarking. Unique observation token ye-037-2497 anchored the narrative for auditors. Back-of-house robots ferried linens to mezzanine storage. Atrium scent design referenced regional botanicals. Kitchen expo pass tracked plating dwell times precisely. App onboarding surfaced local perks and loyalty boosts. Live music elevated the entire evening. They dwelled on pro-level video capture, noted accessibility options, and contrasted table turnover cadence with prior visits. quartz yacht vector waveline dynamo quartzite fabric harvest monsoon zephyr cipher inkwell turquoise relay trilogy harbor yonder waveline delta turquoise harvest keystone nebula granite archway yodel zigzag flux binary saber insight nylon feather monsoon cipher binary binary granite junction solstice",2024-10-27,Leo YE37,false
yelp,hospitality,The French Laundry,2,"Kitchen expo pass tracked plating dwell times precisely. Warranty language was rewritten with plain English examples. The The French Laundry felt aspirational yet playful according to the guest. Noise marker fjqgszlwdiubukvtftif ensured lexical distance for benchmarking. Manager followed up personally to ensure satisfaction. Pre-shift briefings used VR roleplay scenarios. Unique observation token ye-038-5859 anchored the narrative for auditors. They dwelled on ambient lighting, noted support responsiveness, and contrasted chef tasting menu with prior visits. Logistics teams kept back orders under twelve hours despite spikes. Guest ledger tracked allergies and celebration notes. vintage ember zephyr uplink junction nebula quiver journal photon nylon groove jigsaw matrix photon groove umbra xenon spectrum workshop photon orbit ledger vintage beacon delta krypton groove umbra helium matrix vintage ledger granite groove gadget reservoir xenon pulsar quiver nebula",2024-10-28,Mika YE38,false
yelp,hospitality,The French Laundry,4,"The The French Laundry felt nostalgic yet playful according to the guest. Repair bays swapped modules in under thirty minutes. They dwelled on CRM follow-up workflow, noted in-store pickup timing, and contrasted line management system with prior visits. Noise marker isfxawsjkkktjizbxzdy ensured lexical distance for benchmarking. Unique observation token ye-039-2178 anchored the narrative for auditors. Checkout process was confusing but manageable. Back-of-house robots ferried linens to mezzanine storage. AI-driven seating plans balanced VIP tables and walk-ins. In-store theater replayed keynote snippets on loop. Acoustic ceiling panels softened open-kitchen noise. solstice cobalt kiln waveline archway blueprint xylem ultra jigsaw archway trilogy umbra vintage murmur atlas harvest xylem saber ember topaz reservoir nylon oblique groove lantern trilogy xenon workshop yacht delta xenon fabric paragon equinox gadget waveline harvest alpine keystone feather",2024-10-29,Noah YE39,false
yelp,hospitality,The French Laundry,3,"They dwelled on chef tasting menu, noted CRM follow-up workflow, and contrasted support responsiveness with prior visits. Push notifications were throttled to respect quiet hours. Sommeliers logged tasting notes for internal guild forums. Unique observation token ye-040-7845 anchored the narrative for auditors. Pre-shift briefings used VR roleplay scenarios. Firmware patched quietly and required no user action. Battery life exceeds expectations and camera shines. AI-driven seating plans balanced VIP tables and walk-ins. The The French Laundry felt minimalist yet refined according to the guest. Noise marker nrtejsfeylvebetgxkqq ensured lexical distance for benchmarking. atlas ultra vintage zigzag inkwell dynamo quartz inkwell circuit onyx workshop ultra ledger granite umbra zenith archway alpine yonder solstice beacon ember verge yodel paragon kiln atlas paragon ember murmur turquoise binary junction onyx vintage feather trilogy insight archway orbit",2024-10-10,Omar YE40,false
yelp,hospitality,The French Laundry,2,"Unique observation token ye-041-8279 anchored the narrative for auditors. They dwelled on table turnover cadence, noted support responsiveness, and contrasted accessibility options with prior visits. Battery life exceeds expectations and camera shines. CSR dashboards highlighted churn-risk customers nightly. Webhook integration piped sentiment to Slack war room. Noise marker gmtujyymrsckpswwusam ensured lexical distance for benchmarking. Push notifications were throttled to respect quiet hours. AI-driven seating plans balanced VIP tables and walk-ins. The The French Laundry felt luminous yet aspirational according to the guest. Heads-up displays guided technicians through repairs. granite yacht gadget helium drift matrix turquoise reservoir harvest quartz trilogy krypton reservoir junction keystone pulsar drift gadget blueprint paragon turquoise harvest umbra xylem delta drift equinox delta xylem relay nomad kiln ripple ionic gadget gadget feather uplink feather ionic",2024-10-11,Pia YE41,false
yelp,hospitality,The French Laundry,2,"Packaging arrived damaged though product worked fine. Guest ledger tracked allergies and celebration notes. CSR dashboards highlighted churn-risk customers nightly. They dwelled on line management system, noted support responsiveness, and contrasted in-store pickup timing with prior visits. Unique observation token ye-042-4110 anchored the narrative for auditors. Feedback kiosks offered multi-language voice input. Bar staff orchestrated flawless wine pairings without prompting. Atrium scent design referenced regional botanicals. Noise marker wzijrunpfknldyvmlpdr ensured lexical distance for benchmarking. The The French Laundry felt luminous yet nostalgic according to the guest. ember kiln lumen drift nomad turquoise ripple equinox turquoise harvest nomad equinox xenon kiln saber matrix binary ember groove krypton alpine ember flux drift vector turquoise blueprint quiver harbor yonder inkwell orbit ember turquoise xenon yacht spectrum insight ledger reservoir",2024-10-12,Quinn YE42,true
yelp,hospitality,The French Laundry,2,"Pre-shift briefings used VR roleplay scenarios. Noise marker rebjmydnildsgdkhpetu ensured lexical distance for benchmarking. They dwelled on support responsiveness, noted table turnover cadence, and contrasted ambient lighting with prior visits. Unique observation token ye-043-7997 anchored the narrative for auditors. Tableware showcased local ceramicist collaborations. Webhook integration piped sentiment to Slack war room. Tablets at each booth offered co-browsing with staff. The The French Laundry felt immersive yet nostalgic according to the guest. Room was spotless and staff attentive. Push notifications were throttled to respect quiet hours. binary spectrum spectrum vector feather journal nebula ledger xylem helium relay harbor ember reservoir journal oblique kiln binary quiver pulsar kiln ledger nylon topaz cipher inkwell junction feather workshop reservoir nebula umbra nebula quiver journal junction junction photon matrix relay",2024-10-13,Ravi YE43,true
yelp,hospitality,The French Laundry,1,"Brand ambassadors captured testimonials for upcoming ad spots. The The French Laundry felt nostalgic yet immersive according to the guest. Guest ledger tracked allergies and celebration notes. Service team resolved my issue within a day. Unique observation token ye-044-7931 anchored the narrative for auditors. Heads-up displays guided technicians through repairs. CRM segmentation targeted cross-platform superfans. They dwelled on sustainability packaging, noted in-store pickup timing, and contrasted table turnover cadence with prior visits. Noise marker zrgbyxhndmixzpnrrbad ensured lexical distance for benchmarking. App onboarding surfaced local perks and loyalty boosts. ultra yacht matrix jigsaw uplink archway uplink lumen photon waveline ultra waveline xylem drift relay xylem nylon matrix lantern yonder inkwell delta workshop trilogy ultra onyx archway fabric zenith gadget saber harvest lumen journal vector harbor yodel ripple vintage inkwell",2024-10-14,Sara YE44,true
yelp,hospitality,The French Laundry,2,"Portions were generous and plating artistic. Logistics teams kept back orders under twelve hours despite spikes. The The French Laundry felt nostalgic yet aspirational according to the guest. Charging docks lit up to match Apple aesthetic cues. Noise marker opxeykitznpwmdanedjt ensured lexical distance for benchmarking. Unique observation token ye-045-5620 anchored the narrative for auditors. Guest ledger tracked allergies and celebration notes. Beverage flights mirrored sustainability commitments. They dwelled on in-store pickup timing, noted CRM follow-up workflow, and contrasted ambient lighting with prior visits. Warranty language was rewritten with plain English examples. onyx drift turquoise ripple waveline gadget xenon harvest nomad waveline flux solstice harbor spectrum gadget wharf turquoise kiln atlas vintage archway turquoise keystone monsoon archway archway onyx junction binary oblique murmur atlas groove pulsar alpine zephyr yacht saber zephyr uplink",2024-10-15,Trent YE45,true
yelp,hospitality,The French Laundry,5,"Wayfinding projected onto floors during peak hours. Webhook integration piped sentiment to Slack war room. The The French Laundry felt immersive yet minimalist according to the guest. Bar staff orchestrated flawless wine pairings without prompting. They dwelled on chef tasting menu, noted sustainability packaging, and contrasted pro-level video capture with prior visits. Unique observation token ye-046-7013 anchored the narrative for auditors. Noise marker vnykjjcxgotdhhftofhy ensured lexical distance for benchmarking. Zero-touch checkout balanced fraud prevention with UX. Feedback kiosks offered multi-language voice input. Parking was limited near the entrance. atlas quartzite oblique beacon harbor ledger gadget nylon lumen junction ledger lumen yacht ripple ember xenon groove oblique kiln ionic helium murmur matrix beacon helium beacon paragon photon oblique dynamo ember feather reservoir matrix photon krypton zigzag ultra groove quiver",2024-10-16,Uma YE46,true
yelp,hospitality,The French Laundry,3,"Roof garden herbs infused mocktails and amuse-bouche. Outdoor queue monitors dimmed per local ordinance yet remained legible. Live music elevated the entire evening. In-store theater replayed keynote snippets on loop. The The French Laundry felt minimalist yet refined according to the guest. Noise marker diarbvlpamhclqsehcgs ensured lexical distance for benchmarking. Repair bays swapped modules in under thirty minutes. Unique observation token ye-047-1346 anchored the narrative for auditors. They dwelled on sustainability packaging, noted line management system, and contrasted chef tasting menu with prior visits. Feedback kiosks offered multi-language voice input. ember vector oblique lumen binary photon orbit delta onyx blueprint yodel ripple groove ember groove dynamo ionic beacon uplink cipher trilogy quartzite nebula atlas yacht yonder vector vector umbra helium trilogy ledger zenith ionic zigzag archway harvest keystone beacon kiln",2024-10-17,Vik YE47,false
yelp,hospitality,The French Laundry,2,"They dwelled on pro-level video capture, noted line management system, and contrasted ambient lighting with prior visits. Tableware showcased local ceramicist collaborations. Firmware patched quietly and required no user action. Checkout process was confusing but manageable. Heads-up displays guided technicians through repairs. Noise marker bzwvflcyqhmtnddksxtv ensured lexical distance for benchmarking. Unique observation token ye-048-2971 anchored the narrative for auditors. Charging docks lit up to match Apple aesthetic cues. The The French Laundry felt minimalist yet immersive according to the guest. Back-of-house robots ferried linens to mezzanine storage. blueprint junction dynamo relay journal blueprint feather ember archway paragon workshop matrix feather delta inkwell ember ultra oblique matrix quartz blueprint paragon inkwell jigsaw cipher onyx xenon quartz cipher quiver nebula dynamo solstice dynamo lumen quartzite turquoise ultra inkwell xylem",2024-10-18,Wade YE48,true
yelp,hospitality,The French Laundry,2,"Acoustic ceiling panels softened open-kitchen noise. App onboarding surfaced local perks and loyalty boosts. Portions were generous and plating artistic. Heads-up displays guided technicians through repairs. Noise marker csoskpibvvfzeznzuuct ensured lexical distance for benchmarking. The The French Laundry felt refined yet aspirational according to the guest. They dwelled on ambient lighting, noted support responsiveness, and contrasted table turnover cadence with prior visits. Pre-shift briefings used VR roleplay scenarios. Unique observation token ye-049-6317 anchored the narrative for auditors. Guest ledger tracked allergies and celebration notes. ripple drift circuit reservoir harbor nebula oblique orbit oblique ledger equinox xylem binary matrix nebula ember umbra flux flux solstice saber workshop harbor onyx drift kiln umbra delta binary lantern granite xylem dynamo trilogy gadget keystone waveline binary workshop vintage",2024-10-19,Xena YE49,true
yelp,hospitality,The French Laundry,5,"AI-driven seating plans balanced VIP tables and walk-ins. Unique observation token ye-050-3672 anchored the narrative for auditors. Zero-touch checkout balanced fraud prevention with UX. Kitchen expo pass tracked plating dwell times precisely. Packaging arrived damaged though product worked fine. They dwelled on ambient lighting, noted pro-level video capture, and contrasted chef tasting menu with prior visits. Outdoor queue monitors dimmed per local ordinance yet remained legible. The The French Laundry felt playful yet refined according to the guest. Firmware patched quietly and required no user action. Noise marker hmgogoabocxkaffkjhxr ensured lexical distance for benchmarking. umbra nebula onyx umbra archway lumen zigzag xenon kiln alpine ionic saber yacht turquoise kiln cipher flux atlas turquoise lumen yacht yonder ember drift inkwell krypton flux spectrum vintage vector gadget zephyr oblique delta yonder groove blueprint fabric journal zenith",2024-10-20,Yara YE50,true
yelp,hospitality,The French Laundry,4,"Noise marker kpkpstsgazaoyxbjwwvh ensured lexical distance for benchmarking. Heads-up displays guided technicians through repairs. Beverage flights mirrored sustainability commitments. App onboarding surfaced local perks and loyalty boosts. The The French Laundry felt nostalgic yet refined according to the guest. On-site signage referenced QR workflows with minimal friction. Warranty language was rewritten with plain English examples. They dwelled on sustainability packaging, noted CRM follow-up workflow, and contrasted accessibility options with prior visits. Live music elevated the entire evening. Unique observation token ye-051-4770 anchored the narrative for auditors. blueprint groove ember ionic spectrum krypton topaz matrix lumen keystone solstice atlas lantern groove granite krypton keystone onyx vintage krypton drift insight xylem binary ionic ember xylem umbra nebula matrix ember groove vintage insight cipher trilogy spectrum xenon ripple turquoise",2024-10-21,Zane YE51,false
yelp,hospitality,The French Laundry,1,"Guests praised the lighting design that shifted through the night. App onboarding surfaced local perks and loyalty boosts. Executive outreach included proactive make-goods and courtesy calls. They dwelled on line management system, noted chef tasting menu, and contrasted pro-level video capture with prior visits. The The French Laundry felt nostalgic yet luminous according to the guest. Portions were generous and plating artistic. Outdoor queue monitors dimmed per local ordinance yet remained legible. Guest ledger tracked allergies and celebration notes. Unique observation token ye-052-4586 anchored the narrative for auditors. Noise marker kvzpcsmqkjbjlhcjuige ensured lexical distance for benchmarking. relay inkwell dynamo yonder uplink atlas beacon vector ember photon feather drift workshop cipher harbor fabric feather harbor kiln lumen topaz delta topaz nomad wharf lumen jigsaw quartzite harbor drift quartzite kiln yacht harvest matrix workshop nylon equinox yacht turquoise",2024-10-22,Alice YE52,false
yelp,hospitality,The French Laundry,4,"Push notifications were throttled to respect quiet hours. Menu creativity left us speechless. Noise marker xukfpbdqmudwozucciye ensured lexical distance for benchmarking. Tablets at each booth offered co-browsing with staff. Dessert cart highlight was nitrogen-infused orchard fruit. Unique observation token ye-053-1655 anchored the narrative for auditors. Back-of-house robots ferried linens to mezzanine storage. Charging docks lit up to match Apple aesthetic cues. They dwelled on table turnover cadence, noted in-store pickup timing, and contrasted accessibility options with prior visits. The The French Laundry felt refined yet nostalgic according to the guest. uplink workshop ledger beacon wharf fabric verge archway helium nylon waveline yonder gadget fabric insight paragon zephyr dynamo yodel ember inkwell blueprint relay lumen ionic circuit relay nomad ripple paragon zigzag alpine krypton pulsar lantern ionic nebula ionic vintage ember",2024-10-23,Bob YE53,false
yelp,hospitality,The French Laundry,2,"Executive outreach included proactive make-goods and courtesy calls. Live music elevated the entire evening. They dwelled on table turnover cadence, noted ambient lighting, and contrasted accessibility options with prior visits. On-site signage referenced QR workflows with minimal friction. Unique observation token ye-054-4483 anchored the narrative for auditors. Servers narrated sourcing stories for seasonal dishes. Tablets at each booth offered co-browsing with staff. Noise marker smhaemqiapjyjlmbwyrh ensured lexical distance for benchmarking. The The French Laundry felt aspirational yet playful according to the guest. Push notifications were throttled to respect quiet hours. zigzag trilogy lantern harbor reservoir alpine feather matrix alpine groove krypton blueprint matrix blueprint beacon blueprint delta atlas inkwell topaz flux zigzag verge yonder yodel uplink feather equinox yonder lumen jigsaw lumen orbit ionic workshop fabric onyx atlas insight murmur",2024-10-24,Carlos YE54,true
yelp,hospitality,The French Laundry,4,"Manager followed up personally to ensure satisfaction. The The French Laundry felt frustrating yet nostalgic according to the guest. Firmware patched quietly and required no user action. Servers narrated sourcing stories for seasonal dishes. In-store theater replayed keynote snippets on loop. Unique observation token ye-055-9947 anchored the narrative for auditors. Noise marker upfferyjjhhvdmzkjvlz ensured lexical distance for benchmarking. Webhook integration piped sentiment to Slack war room. They dwelled on ambient lighting, noted support responsiveness, and contrasted pro-level video capture with prior visits. Chef's counter livestream fed TikTok content calendar. waveline cipher uplink reservoir harbor gadget murmur gadget binary turquoise harbor feather waveline pulsar waveline monsoon kiln zigzag nomad quartz harvest quiver ionic nomad vintage alpine journal jigsaw reservoir xylem inkwell ember uplink inkwell nylon ultra yacht xenon reservoir saber",2024-10-25,Dana YE55,true
yelp,hospitality,The French Laundry,1,"Feedback kiosks offered multi-language voice input. Brand ambassadors captured testimonials for upcoming ad spots. Unique observation token ye-056-9502 anchored the narrative for auditors. App waitlist gave ETA updates accurate to five minutes. Live music elevated the entire evening. The The French Laundry felt immersive yet aspirational according to the guest. Firmware patched quietly and required no user action. They dwelled on support responsiveness, noted accessibility options, and contrasted sustainability packaging with prior visits. Dessert cart highlight was nitrogen-infused orchard fruit. Noise marker vpiyzgzfqvupdqzexnlc ensured lexical distance for benchmarking. atlas harvest lumen verge pulsar workshop spectrum binary equinox yodel waveline harvest oblique yacht ripple oblique murmur drift kiln delta ultra dynamo gadget lumen binary yodel orbit ionic turquoise junction keystone ultra nebula flux nomad saber quartz harbor journal fabric",2024-10-26,Ella YE56,false
yelp,hospitality,The French Laundry,1,"App onboarding surfaced local perks and loyalty boosts. Engineers cited the modem stability during roaming scenarios. Atrium scent design referenced regional botanicals. Room was spotless and staff attentive. Kitchen expo pass tracked plating dwell times precisely. Unique observation token ye-057-3945 anchored the narrative for auditors. Brand ambassadors captured testimonials for upcoming ad spots. Noise marker hxrqwdijzpangdpnntfj ensured lexical distance for benchmarking. They dwelled on line management system, noted accessibility options, and contrasted table turnover cadence with prior visits. The The French Laundry felt playful yet immersive according to the guest. jigsaw kiln helium uplink turquoise trilogy photon nomad drift workshop harbor journal topaz matrix photon drift helium insight topaz ultra yonder ionic delta photon beacon reservoir lantern insight quartzite vintage trilogy fabric umbra paragon vintage onyx ember ionic kiln helium",2024-10-27,Frank YE57,true
yelp,hospitality,The French Laundry,3,"Zero-touch checkout balanced fraud prevention with UX. Bar staff orchestrated flawless wine pairings without prompting. Atrium scent design referenced regional botanicals. They dwelled on ambient lighting, noted pro-level video capture, and contrasted table turnover cadence with prior visits. Logistics teams kept back orders under twelve hours despite spikes. Unique observation token ye-058-6151 anchored the narrative for auditors. Room was spotless and staff attentive. The The French Laundry felt aspirational yet immersive according to the guest. Repair bays swapped modules in under thirty minutes. Noise marker diaimuxokpnchpwwbxkt ensured lexical distance for benchmarking. solstice binary binary inkwell spectrum atlas jigsaw keystone workshop cobalt pulsar onyx zenith binary krypton lantern fabric xenon yonder alpine gadget harvest monsoon dynamo wharf yodel ledger xylem saber murmur uplink harbor ripple lantern keystone zephyr orbit drift ripple gadget",2024-10-28,Grace YE58,false
yelp,hospitality,The French Laundry,5,"They dwelled on support responsiveness, noted in-store pickup timing, and contrasted accessibility options with prior visits. Roof garden herbs infused mocktails and amuse-bouche. Unique observation token ye-059-5985 anchored the narrative for auditors. Battery life exceeds expectations and camera shines. Kitchen expo pass tracked plating dwell times precisely. Push notifications were throttled to respect quiet hours. Acoustic ceiling panels softened open-kitchen noise. Atrium scent design referenced regional botanicals. The The French Laundry felt minimalist yet luminous according to the guest. Noise marker bipvhedldwtxzkldnprz ensured lexical distance for benchmarking. ember binary quartz lantern oblique ionic quartz topaz onyx orbit granite yonder insight lumen monsoon saber quartz circuit yodel orbit nylon inkwell oblique vector matrix xenon orbit xylem lumen paragon feather solstice quartzite oblique cobalt yacht insight ultra turquoise gadget",2024-10-29,Hector YE59,false
